"","Nest_ID","Fate_cat","Year_located","Project_ID","Transect_ID2","Trt_cat","Nest_Ht","cosOrientation","Init_day","Tree_sp","Trees_2550","Trees_50","pPIPO","a1000_areacv2","a1000_contag","a1000_np1","a1000_Ha","a1000_RxBu","maxTmax_C","meanTmax_C","maxPpt_mm","meanPpt_mm","exposure"
"1","EMFWOR_NCAMC1-01A_2015","success",2015,"EMFWOR","EMFWOR_CAMC1","U",2.3,0.939692620785908,157,"PIPO",33.3333333333333,17.5,0.272727272727273,356.1910095,22.1828995,31,0,0,33.6069984436035,25.5902588415553,10.8009996414185,0.840498445125726,46
"2","EMFWOR_NCAMC1-01A_2017","success",2017,"EMFWOR","EMFWOR_CAMC1","U",4.5,-0.766044443118978,143,"PIPO",50,15,0.769230769230769,318.071991,21.2150993,21,0,0,31.3379993438721,26.6452637645933,0,0,45
"3","EMFWOR_NCAMC1-02A_2018","success",2018,"EMFWOR","EMFWOR_CAMC1","U",5.2,0.5,148,"PIPO",191.666666666667,17.5,0.5,341.7489929,19.5303001,30,0,0,27.5230007171631,25.3527164300283,0,0,44
"4","EMFWOR_NCAMC1-02A_2019","failure",2019,"EMFWOR","EMFWOR_CAMC1","U",4.6,-0.788010753606722,163,"PIPO",191.666666666667,17.5,0.5,341.7489929,19.5303001,30,0,0,27.9689998626709,21.4877501106262,0,0,19
"5","EMFWOR_NCAMC2-10A_2018","success",2018,"EMFWOR","EMFWOR_CAMC2","U",3.9,0.139173100960065,143,"PIPO",91.6666666666667,7.5,0.733333333333333,447.7210083,14.8600998,60,0,0,26.5919990539551,20.2343570404583,6.29500007629395,0.558566663165887,43
"6","EMFWOR_NCAMC2-10A_2019","failure",2019,"EMFWOR","EMFWOR_CAMC2","U",3.9,0.139173100960065,154,"PIPO",91.6666666666667,7.5,0.733333333333333,447.7210083,14.8600998,60,0,0,27.0440006256104,21.1138356617519,0,0,32
"7","EMFWOR_NCAMC3-08A_2018","success",2018,"EMFWOR","EMFWOR_CAMC3","U",3.1,0.629320391049838,140,"POTR5",75,0,0,269.1860046,33.5130997,8,0,0,27.4120006561279,20.8859250273023,5.71099996566772,0.459139278743948,46
"8","EMFWOR_NCAMC3-08A_2020","success",2020,"EMFWOR","EMFWOR_CAMC3","U",4.8,-0.207911690817759,146,"POTR5",33.3333333333333,5,0.142857142857143,269.4970093,33.4715004,6,0,0,30.5249996185303,21.3494036227097,4.96500015258789,0.327029457672563,49
"9","EMFWOR_NCAMC4-01A_2018","success",2018,"EMFWOR","EMFWOR_CAMC4","B",3.1,0.999390827019096,154,"POTR5",75,20,0.882352941176471,283.0090027,23.9491005,22,4.2241101,56.2943993,29.3939990997314,24.4251248518626,6.16900014877319,0.20563333829244,43
"10","EMFWOR_NCAMC4-01A_2020","failure",2020,"EMFWOR","EMFWOR_CAMC4","B",1.7,6.12303176911189e-17,NA,"POTR5",50,15,0.166666666666667,281.3120117,26.6476002,18,5.8961601,61.9155006,23.6709995269775,16.6980715819768,11.2089996337891,2.75192855085645,12
"11","EMFWOR_NCAMC4-07A_2016","success",2016,"EMFWOR","EMFWOR_CAMC4","U",1.7,0.788010753606722,150,"POTR5",66.6666666666667,0,0.888888888888889,432.3049927,14.1638002,32,0,0,27.42799949646,21.8698747158051,6.65999984741211,0.450999990105629,43
"12","EMFWOR_NCAMC4-07A_2018","success",2018,"EMFWOR","EMFWOR_CAMC4","U",1.7,-0.913545457642601,143,"POTR5",83.3333333333333,2.5,0.0833333333333333,308.4670105,14.2714996,31,0,0,25.9400005340576,21.0487320593425,8.32600021362305,0.432392860762775,43
"13","EMFWOR_NCAMC4-07A_2019","success",2019,"EMFWOR","EMFWOR_CAMC4","U",3.9,-0.970295726275996,146,"POTR5",66.6666666666667,20,0.823529411764706,245.7920074,15.8908997,23,0,0,26.3759994506836,20.4081530570984,0.568000018596649,0.0103272730653936,46
"14","EMFWOR_NCAMC4-09A_2020","failure",2020,"EMFWOR","EMFWOR_CAMC4","U",2.1,-0.766044443118978,152,"POTR5",116.666666666667,7.5,0.529411764705882,189.0449982,27.9113998,7,0,0,22.4559993743896,15.4050714856102,11.2089996337891,2.73305949568748,16
"15","EMFWOR_NCAMC4-10A_2016","success",2016,"EMFWOR","EMFWOR_CAMC4","U",4.6,0.999847695156391,153,"PIPO",8.33333333333333,15,0,271.019989,24.3887005,18,0,0,27.4869995117188,20.8640472593762,6.65999984741211,0.3978666583697,42
"16","EMFWOR_NCAMC4-10A_2018","success",2018,"EMFWOR","EMFWOR_CAMC4","U",1.7,0.848048096156426,142,"POTR5",91.6666666666667,2.5,0.333333333333333,193.4320068,30.6445007,8,0,0,24.6049995422363,23.0911998748779,0,0,41
"17","EMFWOR_NCAMC4-10B_2018","success",2018,"EMFWOR","EMFWOR_CAMC4","U",2.5,0.17364817766693,142,"POTR5",8.33333333333333,0,0,310.7160034,19.4978008,20,0,0,26.5919990539551,19.6390741136339,15.081000328064,0.869396299786038,44
"18","EMFWOR_NCAMC5-01A_2015","success",2015,"EMFWOR","EMFWOR_CAMC5","U",2.4,-0.719339800338651,150,"POTR5",16.6666666666667,2.5,0.4,266.1570129,28.5111008,13,0,0,32.273998260498,23.7251814374217,11.1990003585815,2.62300003526939,45
"19","EMFWOR_NCAMC5-01A_2017","failure",2017,"EMFWOR","EMFWOR_CAMC5","U",2.4,-0.951056516295154,132,"POTR5",33.3333333333333,12.5,0.4,266.1570129,28.5111008,13,0,0,29.5179996490479,19.3263425429662,13.9060001373291,1.26967130877354,43
"20","EMFWOR_NCAMC5-01A_2018","success",2018,"EMFWOR","EMFWOR_CAMC5","U",7.3,-0.453990499739547,140,"POTR5",25,2.5,0.2,266.1570129,28.5111008,13,0,0,25.9400005340576,18.7045008868347,14.2840003967285,1.00823982416043,46
"21","EMFWOR_NCAMC5-01A_2020","failure",2020,"EMFWOR","EMFWOR_CAMC5","U",1.5,-0.996194698091746,161,"POTR5",66.6666666666667,22.5,1,255.272995,30.7194004,14,0,0,28.92799949646,18.5694485600033,11.2089996337891,0.694880948085633,23
"22","EMFWOR_NCAMC7-06A_2015","success",2015,"EMFWOR","EMFWOR_CAMC7","U",1.7,-0.981627183447664,152,"POTR5",91.6666666666667,5,0.307692307692308,341.3900146,19.566,42,0,0,34.023998260498,25.4772395875719,10.3769998550415,2.13656943043073,51
"23","EMFWOR_NCAMC7-06A_2018","success",2018,"EMFWOR","EMFWOR_CAMC7","U",7.5,0.0348994967025013,148,"POTR5",100,7.5,0.266666666666667,340.54599,18.4986992,42,0,0,27.8999996185303,23.256181135329,6.91400003433228,0.502502224793037,43
"24","EMFWOR_NCAMC7-06A_2020","success",2020,"EMFWOR","EMFWOR_CAMC7","U",4,0.866025403784438,145,"PIPO",16.6666666666667,5,0.166666666666667,296.1889954,21.6956997,38,0,0,30.0349998474121,22.1420666694641,0.312000006437302,0.0173333336909612,43
"25","EMFWOR_NCAMC8-06A_2016","success",2016,"EMFWOR","EMFWOR_CAMC8","U",3.8,-0.258819045102521,157,"PIPO",66.6666666666667,2.5,0.7,145.1529999,21.8687992,23,0,0,27.4869995117188,22.3981091998872,6.65999984741211,0.284190470264072,43
"26","EMFWOR_NCAMC8-07A_2017","success",2017,"EMFWOR","EMFWOR_CAMC8","U",1.8,0.788010753606722,142,"POTR5",25,2.5,0.666666666666667,207.4019928,21.7194004,25,0,0,29.5970001220703,20.9177186712623,13.9060001373291,0.976395842929681,46
"27","EMFWOR_NCAMC8-07A_2018","success",2018,"EMFWOR","EMFWOR_CAMC8","U",1.8,0.788010753606722,143,"POTR5",25,2.5,0.666666666666667,207.4019928,21.7194004,25,0,0,25.9400005340576,19.4555044054985,8.32600021362305,0.382549999514595,44
"28","EMFWOR_NCAMC8-07A_2019","failure",2019,"EMFWOR","EMFWOR_CAMC8","U",1.8,0.788010753606722,NA,"POTR5",25,2.5,0.666666666666667,207.4019928,21.7194004,25,0,0,22.5839996337891,18.5897666931152,0.568000018596649,0.0568000018596649,6
"29","EMFWOR_NCAMC8-09A_2019","success",2019,"EMFWOR","EMFWOR_CAMC8","U",4,0.788010753606722,174,"POTR5",25,0,0,243.5619965,20.2094994,31,0,0,29.6240005493164,27.3051582654317,0,0,43
"30","EMFWOR_NCAMC8-09A_2020","success",2020,"EMFWOR","EMFWOR_CAMC8","U",2.4,0.891006524188368,153,"POTR5",66.6666666666667,7.5,0.0833333333333333,402.1990051,16.6655006,34,0,0,30.5949993133545,21.5840723406185,8.20600032806396,0.56192533510588,44
"31","EMFWOR_NLFTT2-01A_2017","success",2017,"EMFWOR","EMFWOR_LFTT2","H",5.6,0.642787609686539,156,"POTR5",58.3333333333333,0,0,318.8009949,8.5064898,45,25.0806999,0,28.871000289917,25.2286632523869,0,0,45
"32","EMFWOR_NLFTT2-01A_2018","success",2018,"EMFWOR","38","H",4.2,0.866025403784438,150,"PIPO",16.6666666666667,17.5,0.333333333333333,196.5820007,33.0191994,8,14.6377001,0,29.5930004119873,22.3436793766324,7.49300003051758,0.622977771077837,47
"33","EMFWOR_NLFTT2-01B_2018","success",2018,"EMFWOR","EMFWOR_LFTT2","H",7.4,0.669130606358858,157,"POTR5",41.6666666666667,5,0.333333333333333,320.1499939,8.5949898,43,30.6247997,0,28.7840003967285,23.3246586494976,8.70699977874756,0.645430542760425,47
"34","EMFWOR_NLILT1-07A_2019","success",2019,"EMFWOR","EMFWOR_LILT1","H",4.2,-0.956304755963035,167,"POTR5",8.33333333333333,7.5,0.75,324.1069946,27.6088009,14,55.5000992,0,27.5279998779297,23.7335071155003,0,0,43
"35","EMFWOR_NLILT1-07A_2020","success",2020,"EMFWOR","EMFWOR_LILT1","H",2.6,-0.913545457642601,166,"POTR5",0,5,1,315.2269897,27.4428997,12,63.4496994,0,29.6639995574951,24.5816382521675,0.0540000014007092,0.00192857147859676,43
"36","EMFWOR_NLILT1-08A_2021","success",2021,"EMFWOR","EMFWOR_LILT1","H",2.5,-0.325568154457157,163,"POTR5",33.3333333333333,2.5,0.4,360.125,27.6765003,14,60.1055984,0,32.1233978271484,28.912262071882,0,0,44
"37","EMFWOR_NLILT1-10A_2016","success",2016,"EMFWOR","EMFWOR_LILT1","U",3.9,0.422618261740699,163,"PIPO",25,45,0.772727272727273,354.2510071,15.8219004,41,11.9390001,0,28.1089992523193,22.4435729960601,4.11299991607666,0.125552080840862,44
"38","EMFWOR_NLILT3-04A_2020","failure",2020,"EMFWOR","EMFWOR_LILT3","H",2,-0.681998360062498,159,"PIPO",25,20,0.454545454545455,257.67099,21.1112003,11,66.3831024,18.6777992,23.1480007171631,20.9225000341733,0,0,32
"39","EMFWOR_NLILT3-10A_2017","success",2017,"EMFWOR","EMFWOR_LILT3","H",2.6,-0.309016994374948,153,"PIPO",33.3333333333333,15,1,429.8420105,8.89571,42,5.1041398,0,28.9409999847412,24.512501898266,0,0,45
"40","EMFWOR_NLILT3-10A_2018","success",2018,"EMFWOR","EMFWOR_LILT3","H",1.5,-0.390731128489274,150,"PIPO",41.6666666666667,20,0.615384615384615,412.6940002,8.6038799,40,66.6471024,0,27.0440006256104,20.5573862687408,24.4200000762939,1.32135881434299,43
"41","EMFWOR_NMUDT1-05A_2015","success",2015,"EMFWOR","EMFWOR_MUDT1","U",7.5,-0.99026806874157,149,"POTR5",8.33333333333333,0,0,429.9630127,9.0864496,80,13.4350004,0,32.1220016479492,23.5919147024349,9.66899967193604,2.02506546362184,45
"42","EMFWOR_NMUDT1-05A_2016","success",2016,"EMFWOR","EMFWOR_MUDT1","U",7.5,-0.99026806874157,157,"POTR5",8.33333333333333,0,0,429.9630127,9.0864496,80,13.4350004,0,27.2240009307861,22.5035665035248,5.69199991226196,0.168949997425079,44
"43","EMFWOR_NMUDT1-05A_2018","failure",2018,"EMFWOR","EMFWOR_MUDT1","U",2.5,-0.615661475325658,NA,"POTR5",33.3333333333333,0,0,384.4370117,7.19101,71,14.2564001,0,26.0729999542236,21.9077775743273,3.58599996566772,0.398444440629747,8
"44","EMFWOR_NMUDT1-05A_2020","success",2020,"EMFWOR","EMFWOR_MUDT1","H",3.2,0.809016994374947,165,"POTR5",0,0,0,422.5669861,8.8189402,80,56.9375,0,30.0960006713867,24.0148484186693,0.344999998807907,0.0141136363148689,44
"45","EMFWOR_NMUDT1-05A_2021","failure",2021,"EMFWOR","EMFWOR_MUDT1","H",3.2,0.809016994374947,184,"POTR5",0,0,0,422.5669861,8.8189402,80,59.9883003,0,32.3162994384766,29.0715414626258,0,0,20
"46","EMFWOR_NPINT1-03A_2018","failure",2018,"EMFWOR","EMFWOR_PINT1","H",6.1,-1,NA,"POTR5",8.33333333333333,25,0,216.9620056,9.4505901,34,33.0009003,0,25.576000213623,21.5105553732978,4.77299976348877,0.530333307054308,8
"47","EMFWOR_NRIMT1-01A_2015","failure",2015,"EMFWOR","EMFWOR_RIMT1","U",1.9,-0.996194698091746,156,"POTR5",16.6666666666667,10,0.714285714285714,388.3380127,16.1548004,54,7.3922,0,32.9440002441406,24.618555861118,8.35700035095215,1.43051380451236,38
"48","EMFWOR_NRIMT1-01A_2016","failure",2016,"EMFWOR","EMFWOR_RIMT1","U",1,-0.891006524188368,NA,"PIPO",50,37.5,0.714285714285714,331.0090027,14.9574003,52,8.7415705,0,28.0639991760254,25.1461222224765,0,0,12
"49","EMFWOR_NSWRC2-09A_2016","success",2016,"EMFWOR","EMFWOR_SWRC2","U",3.6,-0.20791169081776,153,"POTR5",16.6666666666667,5,0,433.8880005,10.6893997,42,1.99472,0,26.3430004119873,18.8300003051758,4.32299995422363,0.629177771674262,44
"50","EMFWOR_NSWRC2-09A_2017","success",2017,"EMFWOR","EMFWOR_SWRC2","U",3.6,-0.20791169081776,147,"POTR5",16.6666666666667,5,0,433.8880005,10.6893997,42,2.3174,0,29.0520000457764,24.9513301849365,0,0,44
"51","EMFWOR_NSWRC2-09A_2018","success",2018,"EMFWOR","EMFWOR_SWRC2","U",3.6,-0.20791169081776,139,"POTR5",16.6666666666667,5,0,433.8880005,10.6893997,42,2.3174,0,25.4300003051758,19.6862640910678,8.27999973297119,0.963083305292659,44
"52","EMFWOR_NSWRC2-10A_2015","failure",2015,"EMFWOR","58","U",2.3,-0.927183854566787,156,"PIPO",58.3333333333333,22.5,0.764705882352941,417.4460144,8.9965496,49,22.7339001,0,33.6609992980957,27.0073582092921,7.83199977874756,0.377899991472562,32
"53","EMFWOR_NSWRC3-03A_2019","success",2019,"EMFWOR","EMFWOR_SWRC3","U",3.2,0.951056516295154,156,"PIPO",8.33333333333333,17.5,0.222222222222222,358.6419983,17.3425007,49,5.4268098,0,26.1459999084473,20.3997249539693,1.11500000953674,0.0501750004291534,44
"54","EMFWOR_NSWRC3-03A_2020","success",2020,"EMFWOR","EMFWOR_SWRC3","U",8.7,6.12303176911189e-17,150,"PIPO",66.6666666666667,20,0.25,314.0650024,16.2073994,49,5.8961601,5.8980799,27.9220008850098,18.6294085766588,14.5799999237061,0.927075903064438,45
"55","EMFWOR_NSWRC3-03B_2018","success",2018,"EMFWOR","EMFWOR_SWRC3","U",6.7,-0.829037572555042,165,"PIPO",25,12.5,0.7,387.4509888,17.0130005,49,4.6054602,0,29.261999130249,25.3418429374695,7.18200016021729,0.33964286425284,46
"56","EMFWOR_NSWRC3-04A_2016","success",2016,"EMFWOR","62","U",1.35,-0.258819045102521,153,"POTR5",116.666666666667,15,0.25,373.0539856,14.29,30,0,0,28.253999710083,22.3097149455358,2.75200009346008,0.209333332379659,43
"57","EMFWOR_NSWRC3-04A_2018","success",2018,"EMFWOR","63","U",2.3,-0.99026806874157,142,"POTR5",150,25,0.321428571428571,373.0539856,14.29,30,0,0,26.4270000457764,20.2869708458583,7.22900009155273,0.634012506529689,44
"58","EMFWOR_NSWRC3-04A_2020","success",2020,"EMFWOR","64","U",2.2,0.669130606358858,157,"POTR5",175,12.5,0.0769230769230769,379.5469971,13.5320997,30,0,0,30.326000213623,24.4913750035422,0.393999993801117,0.0102142856589385,46
"59","EMFWOR_NSWRC3-09A_2016","success",2016,"EMFWOR","EMFWOR_SWRC3","U",10.9,-0.951056516295154,147,"PIPO",16.6666666666667,27.5,0.307692307692308,276.2909851,15.3641996,45,0,0,30.19700050354,27.0379402224223,0,0,42
"60","EMFWOR_NSWRC3-09A_2018","success",2018,"EMFWOR","EMFWOR_SWRC3","U",16.3,-0.819152044288992,145,"PIPO",58.3333333333333,22.5,0.5,322.7200012,12.9469004,34,0,0,28.996000289917,23.8802341822215,5.79099988937378,0.387721422421081,45
"61","EMFWOR_NSWRC3-09A_2019","failure",2019,"EMFWOR","EMFWOR_SWRC3","U",2.9,0.913545457642601,144,"PIPO",33.3333333333333,35,0.888888888888889,297.1659851,13.4812002,32,0,0,26.5550003051758,21.5152000665665,0,0,38
"62","EMMAOR_NCLIFFC1-07A_2015","success",2015,"EMMAOR","EMMAOR_CLIFFC1","U",2.4,0.978147600733806,147,"PIPO",116.666666666667,7.5,0.722222222222222,259.7139893,7.9499998,48,0,0,34.3320007324219,31.3438893777353,2.03399991989136,0.152962959474987,44
"63","EMMAOR_NCLIFFC1-07A_2019","success",2019,"EMMAOR","EMMAOR_CLIFFC1","U",3,0.0523359562429439,145,"PIPO",66.6666666666667,5,0.818181818181818,259.7139893,7.9499998,48,0,0,26.125,21.5560953276498,1.23099994659424,0.155999993994122,45
"64","EMMAOR_NCLIFFC1-08A_2015","failure",2015,"EMMAOR","EMMAOR_CLIFFC1","U",3.8,-0.882947592858927,NA,"JUOC",66.6666666666667,10,0.769230769230769,254.401001,10.5930004,38,0,0,26.9750003814697,25.0000003814697,0.649999976158142,0.129999995231628,4
"65","EMMAOR_NCLIFFC1-08A_2016","success",2016,"EMMAOR","EMMAOR_CLIFFC1","U",1.25,0.898794046299167,154,"JUOC",41.6666666666667,15,0.166666666666667,256.70401,10.8544998,37,0,0,25.4729995727539,21.4321111043294,4.15299987792969,0.633111105662667,42
"66","EMMAOR_NCLIFFC1-08A_2017","success",2017,"EMMAOR","EMMAOR_CLIFFC1","U",3.6,-0.939692620785908,149,"JUOC",0,7.5,0,261.1099854,10.5565004,41,0,0,33.7809982299805,27.8707864803522,3.53500008583069,0.307214291322799,51
"67","EMMAOR_NCLIFFC1-08A_2019","success",2019,"EMMAOR","EMMAOR_CLIFFC1","U",3.6,-0.939692620785908,153,"JUOC",0,7.5,0,261.1099854,10.5565004,41,0,0,30.0820007324219,23.8674296235281,2.84299993515015,0.151999995467209,47
"68","EMMAOR_NCLIFFC1-08B_2017","success",2017,"EMMAOR","EMMAOR_CLIFFC1","U",1.25,0.898794046299167,145,"JUOC",41.6666666666667,15,0.166666666666667,256.70401,10.8544998,37,0,0,33.7809982299805,27.571750900102,3.53500008583069,0.358416673209932,48
"69","EMMAOR_NCLIFFC2-04A_2017","success",2017,"EMMAOR","EMMAOR_CLIFFC2","U",1.5,-0.615661475325658,146,"JUOC",66.6666666666667,5,0.2,354.7430115,14.7630997,40,0,0,32.9169998168945,28.7903885311551,1.39100003242493,0.28335185845693,47
"70","EMMAOR_NCLIFFC2-06A_2019","success",2019,"EMMAOR","EMMAOR_CLIFFC2","U",1.8,0.819152044288992,144,"PIPO",50,10,0.363636363636364,294.4200134,21.0785999,37,0,0,25.2290000915527,21.0058570589338,1.0789999961853,0.188714285780277,46
"71","EMMAOR_NCLIFFC2-07A_2015","success",2015,"EMMAOR","EMMAOR_CLIFFC2","U",1.9,0.275637355816999,145,"POTR5",41.6666666666667,7.5,0.8,145.1950073,30.8743992,21,0,0,34.4280014038086,28.154126018948,1.58399999141693,0.0961499997311168,46
"72","EMMAOR_NCLIFFC2-08A_2019","success",2019,"EMMAOR","EMMAOR_CLIFFC2","U",1.1,-0.325568154457157,139,"JUOC",108.333333333333,10,0.764705882352941,137.5169983,31.7686005,17,0,0,24.943000793457,21.4895717075893,0.977999985218048,0.198857140860387,45
"73","EMMAOR_NCLIFFC2-10A_2017","success",2017,"EMMAOR","EMMAOR_CLIFFC2","U",2.9,0.913545457642601,141,"PIPO",25,2.5,0.8,663.5059814,10.5855999,54,0,0,31.2709999084473,27.9057143075126,0,0,45
"74","EMMAOR_NCUBT1-10A_2015","failure",2015,"EMMAOR","EMMAOR_CUBT1","HB",1.1,0.121869343405147,NA,"PIPO",33.3333333333333,12.5,1,225.3829956,37.6111984,32,21.0618992,100,26.0440006256104,25.7165002822876,0,0,1
"75","EMMAOR_NCUBT1-10A_2016","failure",2016,"EMMAOR","EMMAOR_CUBT1","B",1.5,-0.961261695938319,150,"PIPO",91.6666666666667,2.5,1,254.3359985,40.260601,36,18.6271992,100,30.4349994659424,19.3213138421377,7.91099977493286,0.799694437119696,40
"76","EMMAOR_NCUBT2-02A_2016","failure",2016,"EMMAOR","EMMAOR_CUBT2","HB",2.5,-0.529919264233205,158,"PIPO",100,10,0.5625,321.8429871,16.0660992,85,40.3931007,69.9620972,30.4349994659424,26.1622222582499,0,0,32
"77","EMMAOR_NCUBT2-02A_2021","failure",2021,"EMMAOR","EMMAOR_CUBT2","HB",0.95,0.970295726275996,NA,"PIPO",58.3333333333333,27.5,0.888888888888889,301.1149902,18.573,99,43.1212006,49.9029007,35.3488006591797,28.0772823193176,3.28129982948303,0.142658159062858,27
"78","EMMAOR_NCUBT2-03A_2015","failure",2015,"EMMAOR","EMMAOR_CUBT2","HB",1.7,-0.866025403784439,NA,"PIPO",66.6666666666667,0,0.75,347.32901,15.7995996,90,41.4491005,76.1625977,34.1749992370605,27.943208246004,2.08100008964539,0.0773333356538344,31
"79","EMMAOR_NCUBT2-08A_2019","success",2019,"EMMAOR","EMMAOR_CUBT2","HB",2.2,-0.848048096156426,144,"PIPO",16.6666666666667,7.5,1,252.5319977,21.6002998,64,39.0437012,82.4522018,26.746000289917,20.187343776226,2.91000008583069,0.382468749769032,46
"80","EMMAOR_NCUBT2-10A_2015","failure",2015,"EMMAOR","EMMAOR_CUBT2","B",3.5,6.12303176911189e-17,NA,"PIPO",75,0,1,265.8160095,29.0720997,44,11.9682999,78.0850983,34.0379981994629,31.1875997543335,0.00999999977648258,0.00124999997206032,9
"81","EMMAOR_NCUBT2-10A_2016","failure",2016,"EMMAOR","EMMAOR_CUBT2","B",1.5,0.342020143325669,159,"PIPO",8.33333333333333,5,0.666666666666667,307.9989929,29.5515995,42,3.1094201,68.1669006,30.4349994659424,24.4190666913986,5.48000001907349,0.493149998784065,35
"82","EMMAOR_NCUBT2-10A_2017","success",2017,"EMMAOR","EMMAOR_CUBT2","HB",1.7,-0.819152044288992,147,"PIPO",91.6666666666667,7.5,1,272.0169983,25.0401993,47,37.5182991,66.0279007,33.7309989929199,26.5762749263218,2.57399988174438,0.25865356570908,46
"83","EMMAOR_NCUBT2-10A_2021","failure",2021,"EMMAOR","EMMAOR_CUBT2","HB",2.55,-0.939692620785908,NA,"PIPO",16.6666666666667,7.5,1,269.1730042,24.0918007,47,38.3983994,62.2210999,35.3488006591797,27.0342244310444,5.3867998123169,0.30888434381239,38
"84","EMMAOR_NDUGC1-01A_2015","success",2015,"EMMAOR","EMMAOR_DUGC1","U",1.5,0.573576436351046,146,"JUOC",58.3333333333333,5,0,503.1539917,48.7545013,32,0,0.009549,34.3619995117188,26.1535773723156,10.5970001220703,0.545925002970866,49
"85","EMMAOR_NDUGC1-01A_2016","success",2016,"EMMAOR","EMMAOR_DUGC1","U",2.7,-0.20791169081776,143,"JUOC",41.6666666666667,10,0.1,503.1539917,48.7545013,32,0,0.009549,31.3719997406006,24.9299156273736,3.96499991416931,0.343916663726171,45
"86","EMMAOR_NDUGC1-01A_2017","success",2017,"EMMAOR","EMMAOR_DUGC1","U",1.8,0.838670567945424,138,"JUOC",41.6666666666667,15,0,566.2919922,46.8091011,33,0,0,31.2320003509521,25.5410555097792,2.98200011253357,0.46557779179679,46
"87","EMMAOR_NDUGC1-05A_2017","success",2017,"EMMAOR","EMMAOR_DUGC1","U",2.4,-0.529919264233205,147,"JUOC",50,5,0,295.6589966,46.0049019,50,6.8348498,6.9675698,33.9109992980957,26.8646324360009,2.98200011253357,0.349183343847593,47
"88","EMMAOR_NDUGC1-06A_2017","failure",2017,"EMMAOR","94","U",2.75,0.309016994374947,139,"JUOC",83.3333333333333,30,0.826086956521739,313.9710083,16.4123001,76,7.9202099,9.0810699,30.9820003509521,20.5488460219823,4.07100009918213,0.783214114109675,32
"89","EMMAOR_NDUGC1-06B_2017","success",2017,"EMMAOR","95","HB",2.5,0.529919264233205,139,"PIPO",0,7.5,1,467.4129944,19.9724007,49,51.7159996,51.5643997,31.2320003509521,25.5410555097792,2.98200011253357,0.46557779179679,45
"90","EMMAOR_NDUGC1-10A_2016","success",2016,"EMMAOR","EMMAOR_DUGC1","U",1.3,0.529919264233205,163,"JUOC",8.33333333333333,7.5,0.2,383.2600098,24.7199001,45,0.234673,0.296018,30.548999786377,23.6611954511158,3.11800003051758,0.435148815979205,44
"91","EMMAOR_NELKT1-05A_2015","success",2015,"EMMAOR","EMMAOR_ELKT1","U",1.4,-0.882947592858927,148,"PIPO",100,12.5,0.5,445.7489929,28.7222004,49,0,0,33.5940017700195,26.2367024648757,11.5629997253418,0.694680954444976,47
"92","EMMAOR_NELKT2-01A_2021","failure",2021,"EMMAOR","EMMAOR_ELKT2","H",3,0.241921895599668,NA,"POTR5",33.3333333333333,0,0,577.3800049,10.0077,70,68.0550995,0.257822,33.1016998291016,30.6990369955699,0.68259996175766,0.0243785700627736,19
"93","EMMAOR_NELKT2-02A_2015","success",2015,"EMMAOR","EMMAOR_ELKT2","U",5.6,-0.17364817766693,151,"PIPO",50,2.5,1,567.9609985,10.6805,48,0,0,33.8240013122559,28.4017382235754,11.2620000839233,0.859894846758199,44
"94","EMMAOR_NELKT2-02A_2021","failure",2021,"EMMAOR","EMMAOR_ELKT2","H",1.6,-0.719339800338651,NA,"PIPO",33.3333333333333,2.5,1,565.0209961,11.5177002,45,49.4572983,0.623866,34.2777976989746,30.6192276725521,1.91279995441437,0.0439484841895826,25
"95","EMMAOR_NELKT2-04A_2015","failure",2015,"EMMAOR","103","H",0.7,-0.5,NA,"PIPO",25,22.5,1,250.8820038,36.135601,27,72.9245987,2.5591199,27.6989994049072,22.8215713500977,11.581000328064,3.08200008102826,6
"96","EMMAOR_NELKT2-04A_2016","success",2016,"EMMAOR","104","H",0.7,-0.891006524188368,148,"PIPO",25,27.5,1,252.4019928,35.2736015,22,72.2499008,5.5193,29.9209995269775,23.0900370103342,3.6010000705719,0.544277774480482,45
"97","EMMAOR_NELKT2-04A_2017","success",2017,"EMMAOR","105","HB",0.7,-0.891006524188368,141,"PIPO",25,27.5,1,252.4019928,35.2736015,22,72.2499008,84.848999,32.1839981079102,23.6317642080262,5.33400011062622,0.666953704782322,53
"98","EMMAOR_NELKT2-05A_2019","success",2019,"EMMAOR","EMMAOR_ELKT2","H",1.1,0.656059028990507,145,"PIPO",25,10,1,235.2929993,18.6474991,20,55.4415016,0,25.8199996948242,19.5219818158583,1.44400000572205,0.0844090912829746,45
"99","EMMAOR_NELKT2-06A_2015","success",2015,"EMMAOR","EMMAOR_ELKT2","U",2.2,0.866025403784439,143,"JUOC",83.3333333333333,5,0.75,185.0449982,15.9097996,13,0,0,33.8240013122559,28.3772618430001,1.41999995708466,0.0475714277653467,45
"100","EMMAOR_NELKT2-06A_2017","success",2017,"EMMAOR","EMMAOR_ELKT2","U",2,-0.848048096156426,137,"PIPO",83.3333333333333,0,1,187.576004,16.7395,13,0,0,30.7670001983643,23.285046706124,4.66800022125244,0.797384933110267,47
"101","EMMAOR_NELKT2-07A_2021","failure",2021,"EMMAOR","EMMAOR_ELKT2","H",1.3,-0.342020143325669,NA,"POTR5",8.33333333333333,2.5,0.5,213.246994,26.3602009,15,50.3372993,0,33.9519996643066,31.3693801334926,0.628600001335144,0.0299333333969116,8
"102","EMMAOR_NELKT2-10A_2019","success",2019,"EMMAOR","EMMAOR_ELKT2","H",3,0.121869343405148,149,"POTR5",25,0,0,385.7600098,11.7405996,39,21.3845997,0,29.5139999389648,21.5949666976929,1.31500005722046,0.0549666672945023,44
"103","EMMAOR_NELKT3-01A_2017","success",2017,"EMMAOR","EMMAOR_ELKT3","HB",7.7,-0.642787609686539,146,"PIPO",58.3333333333333,35,0.714285714285714,412.3649902,11.6908998,49,22.1473007,20.0559998,31.9629993438721,23.9993509489392,5.03700017929077,0.435567469010869,48
"104","EMMAOR_NELKT3-03A_2019","failure",2019,"EMMAOR","EMMAOR_ELKT3","B",2.3,0.190808995376545,159,"PIPO",116.666666666667,25,0.541666666666667,451.5820007,9.0253401,66,15.0776997,54.6296997,22.5939998626709,19.6426879167557,0.800000011920929,0.210812502831686,23
"105","EMMAOR_NELKT3-08A_2021","failure",2021,"EMMAOR","EMMAOR_ELKT3","H",2.8,0.258819045102521,NA,"PIPO",0,47.5,0.894736842105263,458.7030029,27.5021,62,68.2312012,0,33.2924995422363,30.2336090496608,0.518899977207184,0.014825713634491,17
"106","EMMAOR_NFLAGC1-02A_2015","success",2015,"EMMAOR","EMMAOR_FLAGC1","U",1.8,-0.939692620785908,150,"PIPO",66.6666666666667,20,0.4375,361.1860046,25.9759007,38,0,0,33.5320014953613,27.764422972997,10.4379997253418,0.895886894847665,45
"107","EMMAOR_NFLAGC1-05A_2015","failure",2015,"EMMAOR","EMMAOR_FLAGC1","U",4,-0.819152044288992,158,"JUOC",41.6666666666667,7.5,0.3,427.0480042,33.6544991,32,0,0,33.5320014953613,27.1967056498808,0.907999992370606,0.190764704171349,24
"108","EMMAOR_NFLAGC1-05A_2019","success",2019,"EMMAOR","EMMAOR_FLAGC1","U",3.4,0.987688340595138,150,"JUOC",16.6666666666667,10,0.125,414.7470093,35.1188011,33,0.205339,0,29.5779991149902,22.3005715757053,8.88000011444092,0.435593829337161,50
"109","EMMAOR_NFLAGC1-06A_2016","success",2016,"EMMAOR","EMMAOR_FLAGC1","U",1.7,-0.241921895599668,156,"JUOC",25,17.5,0.2,375.6650085,44.4337997,30,0,0,28.2229995727539,21.2696666793218,2.83699989318848,0.911083324561043,46
"110","EMMAOR_NFLAGC1-06A_2017","success",2017,"EMMAOR","EMMAOR_FLAGC1","U",4.2,0.939692620785908,145,"JUOC",58.3333333333333,20,0.4,374.7479858,43.5993004,30,0,0,33.3650016784668,22.9203438692623,4.40899991989136,0.702578685349888,49
"111","EMMAOR_NFLAGC1-07A_2014","failure",2014,"EMMAOR","EMMAOR_FLAGC1","U",2.1,-0.956304755963035,NA,"JUOC",25,5,0.2,461.2990112,21.2907009,25,0,0,30.5629997253418,20.4300498962402,3.69899988174438,0.703200002014637,28
"112","EMMAOR_NFLAGC1-08A_2015","success",2015,"EMMAOR","EMMAOR_FLAGC1","U",9,-0.719339800338651,144,"PIPO",33.3333333333333,22.5,0.846153846153846,496.4349976,19.8724995,24,0,0,33.5320014953613,28.7843539112746,0.907999992370606,0.0925808079314954,45
"113","EMMAOR_NFLAGC2-03A_2019","success",2019,"EMMAOR","EMMAOR_FLAGC2","HB",6,-0.139173100960066,156,"PIPO",75,10,0.307692307692308,307.7479858,43.3762016,17,82.0475006,77.3529968,30.3090000152588,24.8002998352051,3.81599998474121,0.296999999089167,44
"114","EMMAOR_NFLAGC2-06A_2019","success",2019,"EMMAOR","EMMAOR_FLAGC2","HB",12.3,0.945518575599317,163,"PIPO",50,12.5,0.545454545454545,282.1130066,60.7094994,8,82.3702011,82.7386017,31.2019996643066,25.6043449393704,3.81599998474121,0.145097221700578,49
"115","EMMAOR_NFLAGC2-10A_2015","success",2015,"EMMAOR","EMMAOR_FLAGC2","HB",1.95,-0.999390827019096,146,"JUOC",133.333333333333,20,0.375,92.5048981,70.7947006,14,88.1783981,87.885498,34.5190010070801,26.8486974321563,10.8120002746582,1.35845020244976,49
"116","EMMAOR_NFLAGC2-10A_2019","success",2019,"EMMAOR","EMMAOR_FLAGC2","HB",7.5,0.224951054343865,147,"PIPO",50,20,0.785714285714286,126.4869995,64.5207977,17,85.4208984,85.4377975,26.5669994354248,21.7818463643392,1.22500002384186,0.154575757908099,44
"117","EMMAOR_NMDC1-07A_2017","success",2017,"EMMAOR","EMMAOR_MDC1","U",2.8,-0.642787609686539,141,"PIPO",83.3333333333333,7.5,1,430.6940002,9.1416502,83,0,0,33.7630004882812,29.4275333404541,1.19200003147125,0.0794666687647502,50
"118","EMMAOR_NMDC2-04A_2019","success",2019,"EMMAOR","EMMAOR_MDC2","U",2.2,-0.999390827019096,152,"POTR5",16.6666666666667,22.5,0.833333333333333,274.3129883,17.9540005,32,0,0,28.0990009307861,21.3439302807763,3.03800010681152,0.236161910352253,47
"119","EMMAOR_NPAWT1-01A_2019","failure",2019,"EMMAOR","128","B",2,0.3583679495453,150,"PIPO",58.3333333333333,30,1,76.264801,81.1179962,23,0,98.8604965,25.329999923706,20.0775000254313,2.27099990844727,0.267611106650697,34
"120","EMMAOR_NPAWT1-02A_2014","failure",2014,"EMMAOR","EMMAOR_PAWT1","U",3.4,-0.0174524064372835,NA,"PIPO",175,27.5,1,743.8660278,15.1306,48,7.7442098,3.3644199,23.2919998168945,20.048249801,2.3289999961853,0.194083333015442,11
"121","EMMAOR_NPAWT1-03A_2016","success",2016,"EMMAOR","EMMAOR_PAWT1","H",1.2,0.529919264233205,155,"PIPO",33.3333333333333,10,1,673.8839722,18.1711998,51,23.2033005,8.7818699,30.3460006713867,21.3518933095089,8.07999992370605,0.476915130323293,41
"122","EMMAOR_NPAWT1-03A_2017","success",2017,"EMMAOR","EMMAOR_PAWT1","H",4.9,-0.90630778703665,148,"PIPO",8.33333333333333,10,1,440.2839966,24.3237,34,41.8011017,3.6763501,33.265998840332,29.3380431038993,2.30100011825562,0.460200023651123,45
"123","EMMAOR_NPAWT1-03A_2019","success",2019,"EMMAOR","EMMAOR_PAWT1","H",1,0.601815023152048,137,"PIPO",0,5,1,451.4930115,24.1599007,31,40.2756996,3.29758,27.3980007171631,19.9026088427614,8.82100009918213,0.479706018688847,47
"124","EMMAOR_NPAWT1-03A_2021","failure",2021,"EMMAOR","EMMAOR_PAWT1","H",1.15,0.642787609686539,NA,"PIPO",108.333333333333,2.5,1,439.1589966,26.0562992,30,46.0251999,1.3750499,34.99169921875,28.4452513273015,2.87249994277954,0.137511786460489,38
"125","EMMAOR_NPAWT1-04A_2015","failure",2015,"EMMAOR","EMMAOR_PAWT1","U",3.2,-0.190808995376545,161,"PIPO",25,37.5,1,771.098999,14.6253996,47,7.6855402,1.73155,34.0589981079102,29.4899166107178,0.833999991416931,0.0253499994675318,28
"126","EMMAOR_NPAWT1-05A_2015","success",2015,"EMMAOR","EMMAOR_PAWT1","U",0.7,0.422618261740699,152,"PIPO",83.3333333333333,0,0.833333333333333,585.5549927,22.1138992,27,5.72015,0,34.0589981079102,27.6287864866711,17.4190006256104,1.20107740506766,43
"127","EMMAOR_NPAWT1-05A_2019","success",2019,"EMMAOR","EMMAOR_PAWT1","H",1.8,-0.99026806874157,145,"PIPO",66.6666666666667,10,1,402.7120056,57.0071983,15,63.1856995,0,26.1979999542236,21.8584289550781,2.36500000953674,0.337857144219535,45
"128","EMMAOR_NPAWT1-05A_2021","failure",2021,"EMMAOR","EMMAOR_PAWT1","H",2.9,-0.573576436351046,NA,"PIPO",41.6666666666667,10,1,424.9590149,58.6519012,17,70.1965027,0,34.99169921875,30.6112702528636,2.87249994277954,0.123174997312682,19
"129","EMMAOR_NPAWT1-07A_2015","failure",2015,"EMMAOR","EMMAOR_PAWT1","U",2,0.978147600733806,NA,"PIPO",50,7.5,1,171.9920044,31.4999008,17,22.2059002,0,32.7869987487793,30.1981998443604,0,0,8
"130","EMMAOR_NPAWT1-08A_2015","success",2015,"EMMAOR","EMMAOR_PAWT1","H",1.5,-0.999390827019096,152,"PIPO",16.6666666666667,65,0.928571428571429,617.4089966,13.6162004,27,27.9554005,1.53102,34.0589981079102,27.0828857331049,17.4190006256104,1.20010121486017,43
"131","EMMAOR_NPAWT1-08A_2021","failure",2021,"EMMAOR","EMMAOR_PAWT1","U",5,0.629320391049838,NA,"JUOC",158.333333333333,12.5,0.125,556.8129883,11.1801004,21,35.9636002,3.7304599,34.0412979125977,30.926099395752,0,0,12
"132","EMMAOR_NPAWT1-09A_2019","success",2019,"EMMAOR","EMMAOR_PAWT1","H",5.4,0.669130606358858,137,"PIPO",58.3333333333333,7.5,0.9,455.9660034,54.8325996,18,62.7750015,0,24.753999710083,19.4837779998779,2.36500000953674,0.278944444739156,47
"133","EMMAOR_NPRONGC1-01A_2019","success",2019,"EMMAOR","143","B",1.7,0.224951054343865,140,"PIPO",16.6666666666667,12.5,1,165.4450073,45.5554008,23,0,95.5087967,28.076000213623,21.3447586771042,8.87199974060059,0.519011496155271,50
"134","EMMAOR_NPRONGC2-01A_2015","success",2015,"EMMAOR","EMMAOR_PRONGC2","HB",1.65,-0.438371146789078,147,"PIPO",91.6666666666667,2.5,1,258.355011,28.7031002,52,19.6539001,77.4834976,34.109001159668,28.2910892395746,2.21600008010864,0.0805535731571061,41
"135","EMMAOR_NPRONGC2-01A_2019","failure",2019,"EMMAOR","EMMAOR_PRONGC2","HB",1.7,-0.819152044288992,NA,"PIPO",41.6666666666667,0,0.8,280.0159912,28.6798992,49,18.5685005,72.8172989,27.818000793457,20.8216010836455,4.35900020599365,0.270903853363752,19
"136","EMMAOR_NPRONGC2-08A_2019","failure",2019,"EMMAOR","EMMAOR_PRONGC2","HB",2.4,-0.615661475325658,152,"PIPO",75,10,0.769230769230769,429.5859985,26.3316994,54,6.42417,65.7923965,27.818000793457,20.8216010836455,4.35900020599365,0.270903853363752,31
"137","EMMAOR_NRATT1-01A_2014","success",2014,"EMMAOR","EMMAOR_RATT1","H",1.6,0.25881904510252,157,"PIPO",91.6666666666667,25,0.761904761904762,318.6640015,19.9400997,37,11.323,0,-Inf,NA,-Inf,NA,40
"138","EMMAOR_NRATT1-03A_2017","success",2017,"EMMAOR","EMMAOR_RATT1","U",1.9,0.0697564737441252,150,"JUOC",75,37.5,0.0833333333333333,352.2399902,13.7931995,37,2.4640701,0,32.9220008850098,29.0605809182832,0,0,49
"139","EMMAOR_NRATT1-07A_2016","success",2016,"EMMAOR","EMMAOR_RATT1","U",1.8,0.997564050259824,148,"JUOC",108.333333333333,2.5,0.357142857142857,287.5,13.2985001,41,5.33881,0,31.1979999542236,24.0146548180353,3.61199998855591,0.479214285101209,45
"140","EMMAOR_NRATT1-10A_2015","failure",2015,"EMMAOR","EMMAOR_RATT1","U",2,-0.615661475325658,NA,"JUOC",75,25,0.0526315789473684,495.1029968,13.9039001,45,0.146671,0,34.1049995422363,31.0005830923716,0,0,12
"141","EMMAOR_NRATT1-10A_2016","success",2016,"EMMAOR","EMMAOR_RATT1","U",1.5,-0.325568154457157,148,"JUOC",108.333333333333,27.5,0.0416666666666667,497.2980042,14.4579,47,0.616016,0,31.1979999542236,23.9820500623612,5.85200023651123,0.261057145822616,48
"142","EMMAOR_NRATT1-10A_2017","success",2017,"EMMAOR","EMMAOR_RATT1","U",2,-0.615661475325658,146,"JUOC",75,25,0.0526315789473684,495.1029968,13.9039001,45,0.146671,0,33.7690010070801,24.2412615593034,2.0550000667572,0.281507936104265,45
"143","EMMAOR_NRATT2-10A_2017","success",2017,"EMMAOR","EMMAOR_RATT2","U",3.7,0.984807753012208,147,"JUOC",41.6666666666667,27.5,0.6875,404.6029968,19.7719994,68,0,0,33.7690010070801,28.6655908931385,1.48699998855591,0.0964999984611164,44
"144","EMMAOR_NRATT2-10A_2019","failure",2019,"EMMAOR","EMMAOR_RATT2","U",1.9,-0.707106781186547,150,"PIPO",75,5,0.545454545454545,365.6199951,20.0345993,62,0,0,27.2800006866455,20.1230507691701,8.48999977111816,0.385787298145985,33
"145","EMMAOR_NSAGEC1-08A_2019","success",2019,"EMMAOR","EMMAOR_SAGEC1","H",1.5,-0.034899496702501,157,"PIPO",41.6666666666667,12.5,0.833333333333333,597.6389771,17.2492008,42,41.7131004,0,30.5109996795654,25.0025648323316,2.31900000572205,0.325831846053165,42
"146","EMMAOR_NSAGEC1-09A_2015","failure",2015,"EMMAOR","EMMAOR_SAGEC1","U",1.1,0.951056516295154,149,"JUOC",50,17.5,0.769230769230769,537.5889893,15.4568996,45,21.7071991,0,35.4119987487793,28.569699772199,0.514999985694885,0.0757291654745738,39
"147","EMMAOR_NSAGEC1-09A_2019","success",2019,"EMMAOR","EMMAOR_SAGEC1","U",1.3,0.987688340595138,138,"JUOC",16.6666666666667,7.5,0,469.5180054,13.7470999,61,22.6753006,0,25.6669998168945,20.9668052461412,1.99500000476837,0.197833336061902,46
"148","EMMAOR_NSAGEC1-10A_2015","failure",2015,"EMMAOR","EMMAOR_SAGEC1","H",0.8,-0.190808995376545,148,"PIPO",0,35,1,429.2900085,31.4356995,33,37.0489998,0,35.4119987487793,28.7621461913699,0.514999985694885,0.0744464273963656,40
"149","EMMAOR_NSAGEC1-10A_2019","success",2019,"EMMAOR","EMMAOR_SAGEC1","U",0.9,0.258819045102521,140,"JUOC",91.6666666666667,10,0.666666666666667,535.4810181,15.6667004,54,28.8353996,0,25.6669998168945,20.9668052461412,1.99500000476837,0.197833336061902,44
"150","EMMAOR_NSAGEC1-10B_2015","success",2015,"EMMAOR","EMMAOR_SAGEC1","H",3.35,1,145,"JUOC",75,15,0.0666666666666667,501.230011,15.6639996,60,28.4540997,0,35.4119987487793,29.5874330308702,0.514999985694885,0.0889999985694885,43
"151","EMMAOR_NUPCA1-04A_2016","success",2016,"EMMAOR","EMMAOR_UPCA1","U",12.5,-0.601815023152048,148,"PIPO",58.3333333333333,12.5,0.846153846153846,526.1530151,22.8894005,90,0,0,31.8369998931885,24.7133749553135,4.54199981689453,0.469857136408488,45
"152","EMMAOR_NUPCA1-04A_2017","success",2017,"EMMAOR","EMMAOR_UPCA1","U",1.7,-0.743144825477394,143,"JUOC",33.3333333333333,22.5,0.230769230769231,521.4110107,25.1679993,78,0,0,33.9490013122559,29.5787857600621,1.13699996471405,0.0812142831938607,48
"153","EMMAOR_NUPCA1-05A_2017","success",2017,"EMMAOR","EMMAOR_UPCA1","U",8.6,0.809016994374947,142,"PIPO",0,10,0.666666666666667,594.6530151,17.3805008,94,0,0,33.9490013122559,23.6406368414561,2.03500008583069,0.353803571136225,49
"154","EMMAOR_NUPCA1-08A_2017","success",2017,"EMMAOR","EMMAOR_UPCA1","U",2.1,-0.809016994374947,142,"PIPO",41.6666666666667,20,1,404.6629944,15.5065002,93,0,0,35.1100006103516,24.8131784257435,2.28399991989136,0.274726190205131,49
"155","EMMAOR_NUPCB1-04A_2017","success",2017,"EMMAOR","EMMAOR_UPCB1","U",2.2,0.99026806874157,144,"PIPO",25,25,1,478.0020142,14.8276997,60,0,0,33.4379997253418,23.148497123858,2.08500003814697,0.333866851046791,47
"156","EMMAOR_NUPCB1-07A_2017","success",2017,"EMMAOR","EMMAOR_UPCB1","U",2.9,-0.694658370458997,152,"JUOC",58.3333333333333,12.5,0,483.5580139,15.7058001,29,0,0,33.9490013122559,24.7555245493795,2.03500008583069,0.273406044456548,47
"157","EMMAOR_NUPCB1-07A_2019","success",2019,"EMMAOR","EMMAOR_UPCB1","U",2.9,-0.694658370458997,150,"JUOC",58.3333333333333,12.5,0,483.5580139,15.7058001,29,0,0,27.3759994506836,23.9549228350321,2.0090000629425,0.153576927307325,43
"158","EMMAOR_NWOLFC1-01A_2017","success",2017,"EMMAOR","EMMAOR_WOLFC1","U",1.75,-0.939692620785908,145,"JUOC",91.6666666666667,5,0.538461538461538,532.0579834,10.3900995,68,0,0,33.7220001220703,29.5424229909503,1.49399995803833,0.179833328282392,47
"159","EMMAOR_NWOLFC1-01A_2019","success",2019,"EMMAOR","EMMAOR_WOLFC1","U",3.2,-0.898794046299167,142,"PIPO",41.6666666666667,5,0.125,521.177002,10.6569996,66,0,0,28.32200050354,21.3253429930551,8.07499980926514,0.463579999655485,48
"160","EMMAOR_NWOLFC1-03A_2015","success",2015,"EMMAOR","EMMAOR_WOLFC1","U",5.1,-0.0697564737441256,148,"JUOC",33.3333333333333,17.5,0.181818181818182,414.3789978,11.2033997,54,0,0,34.5229988098145,27.3852491166857,12.3540000915527,1.23751586926362,46
"161","EMMAOR_NWOLFC1-03A_2016","success",2016,"EMMAOR","EMMAOR_WOLFC1","U",5.1,-0.951056516295154,149,"PIPO",33.3333333333333,22.5,0.714285714285714,563.322998,8.8896399,68,0,0,31.2339992523193,25.1082381010056,4.33099985122681,0.348583330710729,45
"162","EMMAOR_NWOLFC1-03A_2019","success",2019,"EMMAOR","EMMAOR_WOLFC1","U",2.4,-0.3583679495453,148,"PIPO",50,0,0.571428571428571,607.4459839,9.2994604,64,0,0,27.4039993286133,21.9812736454173,1.06700003147125,0.101240169288766,44
"163","EMMAOR_NWOLFC1-07A_2015","success",2015,"EMMAOR","EMMAOR_WOLFC1","U",3.1,0.4226182617407,145,"JUOC",0,5,0,377.0339966,16.7716999,61,0,0,33.1699981689453,24.3765561598086,2.96000003814697,0.488843571198614,43
"164","EMMAOR_NWOLFC1-07A_2017","success",2017,"EMMAOR","EMMAOR_WOLFC1","U",3.1,0.4226182617407,138,"JUOC",0,5,0,377.0339966,16.7716999,61,0,0,30.2970008850098,26.8212779362996,2.84699988365173,0.36383332643244,48
"165","EMMAOR_NWOLFC1-08A_2019","failure",2019,"EMMAOR","EMMAOR_WOLFC1","U",3.5,0.766044443118978,137,"JUOC",75,25,0.263157894736842,356.2950134,23.5477009,48,0,0,23.2199993133545,17.9258889092339,0.550999999046326,0.0612222221162584,40
"166","EMMAOR_NWOLFC2-01A_2017","success",2017,"EMMAOR","EMMAOR_WOLFC2","U",3,-0.275637355816999,143,"JUOC",66.6666666666667,2.5,0.444444444444444,668.5040283,15.8332996,63,0,0,30.7080001831055,25.5015624761581,0,0,44
"167","EMMAOR_NWOLFC2-02A_2015","success",2015,"EMMAOR","EMMAOR_WOLFC2","U",9,-0.992546151641322,148,"JUOC",8.33333333333333,27.5,0.5,636.6450195,15.9289999,70,0,0,33.1699981689453,28.1556663626716,11.9949998855591,1.10742855923516,46
"168","EMMAOR_NWOLFC2-03A_2016","success",2016,"EMMAOR","EMMAOR_WOLFC2","U",1.5,-0.156434465040231,151,"JUOC",66.6666666666667,15,0.133333333333333,443.6820068,14.2631998,66,0,0,23.8939990997314,18.8133333524068,4.27899980545044,1.51983332633972,43
"169","EMMAOR_NWOLFC2-08A_2017","success",2017,"EMMAOR","EMMAOR_WOLFC2","U",4.1,0.866025403784438,141,"JUOC",25,12.5,0,191.7619934,17.6772003,40,3.75477,0,30.7080001831055,25.5015624761581,0,0,46
"170","EMMAOR_NWOLFC2-09A_2015","success",2015,"EMMAOR","EMMAOR_WOLFC2","U",1.8,-0.325568154457157,152,"JUOC",25,25,0.285714285714286,182.3249969,17.8619995,38,0,0,33.1699981689453,26.6884819098881,11.9949998855591,1.66432141033666,42
"171","EMMAOR_NWOLFC2-09A_2016","success",2016,"EMMAOR","EMMAOR_WOLFC2","U",2,-0.809016994374948,148,"JUOC",75,22.5,0,190.5659943,17.3519993,38,0,0,30.3729991912842,25.8505236610534,0,0,41
"172","EMMAOR_NWOLFTA3-09A_2017","success",2017,"EMMAOR","EMMAOR_WOLFTA3","U",0.75,-0.17364817766693,153,"PIPO",108.333333333333,27.5,0.375,423.0280151,57.8713989,45,0,0,32.8740005493164,29.5224286488124,0,0,46
"173","EMMAOR_NWOLFTB1-06A_2015","failure",2015,"EMMAOR","EMMAOR_WOLFTB1","H",1.75,-0.933580426497202,152,"PSME",16.6666666666667,12.5,0.571428571428571,376.9769897,30.9796009,32,8.7415705,0,32.9700012207031,25.3725247508601,2.90700006484985,0.392685859709194,31
"174","EMMAOR_NWOLFTB1-06A_2016","failure",2016,"EMMAOR","EMMAOR_WOLFTB1","H",1.3,0.939692620785908,147,"Abies",25,5,0.4,314.3540039,31.7625008,34,8.7415705,0,29.5160007476807,19.9280331548055,5.40199995040894,0.650333319107691,43
"175","EMMAOR_NWOLFTB3-08A_2015","failure",2015,"EMMAOR","EMMAOR_WOLFTB3","H",2.7,0.970295726275996,164,"Abies",41.6666666666667,10,0,444.6270142,22.5116997,55,6.8348498,0,32.435001373291,29.7141251299116,2.36899995803833,0.255083329975605,27
"176","EMMAOR_NWOLFTB4-10A_2015","failure",2015,"EMMAOR","EMMAOR_WOLFTB4","U",1.2,-0.309016994374947,148,"PIPO",25,0,0.5,392.8420105,17.4633007,66,0,0,33.5699996948242,27.7866321745373,0.771000027656555,0.042912699085064,41
"177","EMPAID_N1WS05A_2013","success",2013,"EMPAID","EMPAID_1WS","B",2.5,-0.838670567945424,178,"PIPO",116.666666666667,15,0.4,219.7619934,10.7425003,28,15.4590998,39.803299,37.7449989318848,31.8020479912366,2.48300004005432,0.0702666672793301,42
"178","EMPAID_N1WS06A_2019","success",2019,"EMPAID","EMPAID_1WS","HB",1.75,-0.848048096156426,151,"PIPO",8.33333333333333,40,0.647058823529412,518.9349976,11.4338999,83,30.2434998,89.1809998,29.8199996948242,23.0155340765609,0.657000005245209,0.0932108847056927,39
"179","EMPAID_N1WS07A_2013","failure",2013,"EMPAID","EMPAID_1WS","U",4.6,0.469471562785891,146,"PIPO",8.33333333333333,7.5,0.8,172.5559998,13.3768997,48,3.9307699,9.7590504,28.6830005645752,22.799930466546,1.61099994182587,0.346999992926915,19
"180","EMPAID_N1WS07A_2014","success",2014,"EMPAID","EMPAID_1WS","U",3,-0.0348994967025008,145,"PSME",0,10,0.666666666666667,180.4609985,11.0317001,45,8.1255503,20.5876007,34.4720001220703,24.432345548199,4.65199995040894,0.594360342967992,44
"181","EMPAID_N1WS07A_2017","failure",2017,"EMPAID","EMPAID_1WS","HB",3.7,-0.999390827019096,173,"PIPO",16.6666666666667,27.5,0.923076923076923,394.375,7.0488901,61,20.7978992,73.6829987,35.8139991760254,31.2652334637112,1.77799999713898,0.0556277778724002,26
"182","EMPAID_N1WS07A_2018","success",2018,"EMPAID","EMPAID_1WS","B",3.4,0.0348994967025013,148,"PIPO",0,5,0,374.82901,5.6606798,63,11.5869999,56.9245987,34.2820014953613,26.0463165918986,0.0299999993294477,0.00449999989941716,42
"183","EMPAID_N1WS07A_2019","success",2019,"EMPAID","EMPAID_1WS","HB",2.2,-0.984807753012208,147,"PIPO",33.3333333333333,30,0.875,419.0469971,7.3331299,66,23.5259991,74.660202,29.8199996948242,22.7578729977683,0.657000005245209,0.108746032156642,42
"184","EMPAID_N1WS09A_2017","success",2017,"EMPAID","EMPAID_1WS","HB",2.6,-0.374606593415912,146,"PIPO",25,2.5,1,464.7579956,11.5446997,69,31.9741993,65.9546967,34.4879989624023,29.465399980545,1.77799999713898,0.1251625002129,41
"185","EMPAID_N1WS09A_2018","success",2018,"EMPAID","EMPAID_1WS","HB",2.5,0.374606593415912,149,"PIPO",16.6666666666667,15,0.625,466.8859863,10.3269997,60,27.8087006,54.6741982,34.2820014953613,24.5398125222751,12.951000213623,0.732828578524558,44
"186","EMPAID_N2WS05A_2017","failure",2017,"EMPAID","EMPAID_2WS","B",1.5,-0.731353701619171,132,"PIPO",33.3333333333333,15,1,268.2980042,6.69523,45,19.2432003,65.1016998,29.3519992828369,20.8992349666262,8.82699966430664,1.2312190368535,39
"187","EMPAID_NB-S01A_2014","success",2014,"EMPAID","EMPAID_B-S","U",3.6,-0.898794046299167,157,"PIPO",0,15,0.5,418.7940063,10.4329004,40,2.5227301,0,34.2980003356934,24.3242168625196,9.13700008392334,1.95205210832258,40
"188","EMPAID_NB-T01A_2016","success",2016,"EMPAID","EMPAID_B-T","HB",1.4,0.882947592858927,151,"PIPO",41.6666666666667,7.5,1,224.6860046,27.1019993,45,30.7714996,89.4802017,33.1469993591309,25.4930311083794,21.3330001831055,1.5443500071764,42
"189","EMPAID_NB-T01A_2018","success",2018,"EMPAID","EMPAID_B-T","HB",3.7,0.927183854566787,145,"PIPO",0,2.5,1,226.7709961,34.1456985,31,37.8409996,92.4213028,26.6240005493164,22.4130139884495,8.79699993133545,0.474321429218565,41
"190","EMPAID_NB-T01A_2019","success",2019,"EMPAID","EMPAID_B-T","HB",3.3,0.642787609686539,143,"PIPO",75,2.5,1,245.470993,29.2418003,32,33.9981995,92.8063965,26.6879997253418,21.8048333875717,0.72000002861023,0.0354940489466701,41
"191","EMPAID_NB-T02A_2015","failure",2015,"EMPAID","EMPAID_B-T","U",1.3,0.874619707139396,165,"PIPO",50,0,1,133.3150024,41.4236984,30,29.4221001,25.9032001,38.0629997253418,30.2211909551469,10.2370004653931,0.597163899739583,30
"192","EMPAID_NB-T06A_2016","success",2016,"EMPAID","EMPAID_B-T","HB",3,0.997564050259824,148,"PIPO",16.6666666666667,2.5,1,300.0969849,27.2082996,43,34.0569,79.8899002,34.5219993591309,24.7549916172028,20.3320007324219,1.46095834051569,45
"193","EMPAID_NB-T06A_2019","failure",2019,"EMPAID","EMPAID_B-T","HB",5,0.515038074910054,NA,"PIPO",16.6666666666667,5,1,318.0069885,27.9829998,37,35.2596016,80.9403,27.5149993896484,24.079875032107,0,0,12
"194","EMPAID_NB-T08A_2012","failure",2012,"EMPAID","EMPAID_B-T","H",2.5,0.669130606358858,170,"PIPO",50,2.5,0.777777777777778,156.1860046,27.7455006,32,36.7849998,10.3542995,34.189998626709,28.3920717133416,0,0,20
"195","EMPAID_NB-T10A_2012","failure",2012,"EMPAID","EMPAID_B-T","U",2.6,0.422618261740699,149,"PIPO",25,15,0.9,102.6230011,23.6926003,55,12.9949999,4.78722,26.0869998931885,22.2787499427795,4.37799978256226,0.364833315213521,24
"196","EMPAID_NB-T10A_2013","success",2013,"EMPAID","EMPAID_B-T","H",2,-0.156434465040231,152,"PIPO",50,5,0.875,107.7279968,29.2509995,51,10.5309,4.78722,36.2649993896484,31.1466667387221,0,0,40
"197","EMPAID_NB-T10A_2014","success",2014,"EMPAID","EMPAID_B-T","H",3,-0.374606593415912,152,"PIPO",66.6666666666667,2.5,1,139.8930054,6.7675099,61,9.1815796,4.78722,36.4739990234375,24.9511540989081,7.81699991226196,0.585156248261531,44
"198","EMPAID_NB-T10A_2017","success",2017,"EMPAID","EMPAID_B-T","HB",4,-0.913545457642601,148,"PIPO",16.6666666666667,7.5,1,152.0950012,15.8095999,55,21.0618992,56.0811005,34.8450012207031,29.5619833111763,0,0,40
"199","EMPAID_NB-T10A_2018","success",2018,"EMPAID","EMPAID_B-T","H",2.5,-0.559192903470747,149,"PIPO",83.3333333333333,10,1,135.9060059,5.73808,61,9.76826,32.6766014,33.2760009765625,23.3631421509534,10.8819999694824,0.685803290728539,44
"200","EMPAID_NB-T10A_2019","failure",2019,"EMPAID","EMPAID_B-T","H",2.4,-0.707106781186548,NA,"PIPO",33.3333333333333,7.5,0.777777777777778,128.9799957,11.6533003,53,15.3416996,46.2392998,27.5149993896484,22.4738462154682,0,0,12
"201","EMPAID_NB-U01A_2013","success",2013,"EMPAID","EMPAID_B-U","U",1.8,-0.754709580222772,156,"PIPO",41.6666666666667,12.5,0.727272727272727,236.1499939,14.8092003,28,0,0,37.1180000305176,27.8681797126671,15.66100025177,1.40685433727322,45
"202","EMPAID_NB-U01A_2014","success",2014,"EMPAID","EMPAID_B-U","U",2,-0.819152044288992,150,"PIPO",100,17.5,0.947368421052632,188.4600067,14.5770998,40,0,0,35.6870002746582,25.5362294096795,7.40999984741211,0.47490654870986,46
"203","EMPAID_NB-U01A_2015","success",2015,"EMPAID","EMPAID_B-U","U",1.4,0.961261695938319,139,"PIPO",83.3333333333333,12.5,0.8,234.7059937,14.5546999,27,0,0,38.7919998168945,24.5404934370009,8.18000030517578,1.15833150490372,41
"204","EMPAID_NB-U01A_2016","failure",2016,"EMPAID","EMPAID_B-U","U",4.3,-0.981627183447664,156,"PIPO",100,10,1,211.9360046,14.4038,29,0,0,30.3549995422363,19.7281998634338,12.0100002288818,2.89430004358292,13
"205","EMPAID_NB-U02A_2012","success",2012,"EMPAID","EMPAID_B-U","U",3.5,-0.292371704722737,148,"PIPO",16.6666666666667,22.5,1,370.1109924,17.5608006,28,0,0,33.6360015869141,24.9993812697274,9.19600009918213,0.482571429262559,42
"206","EMPAID_NB-U02A_2013","failure",2013,"EMPAID","EMPAID_B-U","U",16.9,0.642787609686539,147,"PIPO",33.3333333333333,12.5,0.9,340.5830078,18.2495995,30,0,0,28.2819995880127,21.912920709451,8.90900039672852,0.655562515556812,22
"207","EMPAID_NB-U05A_2015","failure",2015,"EMPAID","EMPAID_B-U","U",3.8,0.615661475325658,168,"PIPO",33.3333333333333,5,0.666666666666667,329.9670105,19.7581005,28,0,0,37.5460014343262,28.891031563282,9.68000030517578,1.05706252530217,33
"208","EMPAID_NBR01A_2018","success",2018,"EMPAID","EMPAID_BR","U",3.7,-0.945518575599317,146,"PIPO",8.33333333333333,0,0.25,155.901001,21.2138996,59,0,0,31.7169990539551,23.6038752396901,0,0,44
"209","EMPAID_NBR04A_2013","success",2013,"EMPAID","EMPAID_BR","U",1.2,-0.309016994374947,163,"PIPO",33.3333333333333,12.5,0.777777777777778,178.3480072,25.0660992,45,0,0,37.0180015563965,28.3318142204574,15.8430004119873,0.880015900956862,42
"210","EMPAID_NBWC01A_2012","success",2012,"EMPAID","220","U",2.2,-0.615661475325658,147,"PIPO",0,2.5,0.25,474.3469849,9.1122398,74,0.440012,0,32.4560012817383,22.748063882192,9.72200012207031,0.546939400793255,43
"211","EMPAID_NBWC01A_2013","failure",2013,"EMPAID","221","U",1.8,0.939692620785908,153,"PIPO",0,2.5,0.25,474.3469849,9.1122398,74,0.440012,0,26.8110008239746,21.3367279695005,16.136999130249,0.874964259919666,22
"212","EMPAID_NBWC01A_2014","success",2014,"EMPAID","222","U",2.3,-0.848048096156426,149,"PIPO",0,5,0.25,393.9559937,7.9387298,77,0,0,32.9410018920898,24.0378597286494,8.24499988555908,0.621757878498598,41
"213","EMPAID_NBWC01A_2015","failure",2015,"EMPAID","223","U",2.1,-0.913545457642601,150,"PIPO",41.6666666666667,2.5,0.857142857142857,485.4320068,8.3555098,72,0,0,37.3370018005371,24.8169387976329,9.17800045013428,0.807219445405321,30
"214","EMPAID_NBWC01A_2016","success",2016,"EMPAID","224","U",1.7,-0.829037572555042,145,"PIPO",8.33333333333333,30,1,527.4840088,8.0085697,65,0,0,32.3429985046387,22.487380332417,13.4930000305176,1.30399999395013,43
"215","EMPAID_NBWC01A_2017","success",2017,"EMPAID","225","U",3.4,-0.994521895368273,163,"PIPO",25,0,0.2,212.1179962,6.4151602,69,0.410678,0,34.0499992370605,28.6060731013616,0,0,42
"216","EMPAID_NBWC01A_2018","failure",2018,"EMPAID","226","H",4.4,0.190808995376545,149,"PIPO",16.6666666666667,2.5,0.75,442.9190063,8.4253597,72,1.2907,0,25.1060009002686,19.0527501900991,11.4849996566772,2.63483327627182,9
"217","EMPAID_NCC02A_2019","success",2019,"EMPAID","227","U",1,-0.587785252292473,156,"PSME",58.3333333333333,2.5,0.75,228.7559967,8.7241201,65,1.52537,33.7173996,31.2560005187988,27.1984168158637,0.818000018596649,0.0742777792943849,40
"218","EMPAID_NCC07A_2013","failure",2013,"EMPAID","228","B",3,0.882947592858927,155,"PIPO",75,5,1,160.2460022,19.1215,44,0,72.2029037,37.9889984130859,22.9349496841431,10.6140003204346,2.70116254836321,28
"219","EMPAID_NCC08A_2014","failure",2014,"EMPAID","229","B",1.7,0.898794046299167,155,"PIPO",66.6666666666667,10,1,319.2789917,7.3643098,66,0,61.8041,26.818000793457,20.841083353216,4.32999992370605,0.978742417625406,14
"220","EMPAID_NCC10A_2019","failure",2019,"EMPAID","230","B",1.4,-0.121869343405147,147,"PIPO",50,2.5,1,231.0059967,12.1143999,48,0,82.1371002,25.4720001220703,18.0088334401449,0.554000020027161,0.210400002201398,29
"221","EMPAID_NCP09A_2012","success",2012,"EMPAID","231","B",1.4,-0.754709580222772,148,"PIPO",8.33333333333333,0,0.25,108.8280029,44.2860985,35,4.5761199,4.78722,34.189998626709,27.483914897177,7.42000007629395,0.217722224537283,42
"222","EMPAID_NCR01A_2012","failure",2012,"EMPAID","232","U",1.1,-1.83690953073357e-16,166,"PIPO",33.3333333333333,10,0.8,126.5230026,40.4294014,31,25.3446999,0,29.9249992370605,23.5614874879519,8.10499954223633,0.362104155123234,21
"223","EMPAID_NCR07A_2012","success",2012,"EMPAID","233","H",1.1,NA,144,"PIPO",8.33333333333333,27.5,0.857142857142857,214.6499939,21.3633003,43,38.2224007,0,29.9249992370605,23.8512366577071,8.10499954223633,0.433479580952197,43
"224","EMPAID_NCR07A_2013","failure",2013,"EMPAID","234","H",1.5,NA,NA,"PIPO",8.33333333333333,27.5,0.857142857142857,214.6499939,21.3633003,43,38.2224007,7.4036398,24.0249996185303,17.6038571766445,17.1560001373291,5.22157149655478,6
"225","EMPAID_NCU04A_2013","success",2013,"EMPAID","EMPAID_CU","U",3.2,-0.999390827019096,158,"PSME",16.6666666666667,17.5,0.9,473.6229858,12.5155001,34,0.352009,0,35.6189994812012,25.6932387044695,16.0020008087158,1.27096889840232,40
"226","EMPAID_NCU05A_2015","success",2015,"EMPAID","EMPAID_CU","U",2.1,-0.978147600733806,149,"PIPO",0,10,0.4,335.8819885,10.0938997,40,7.4215298,0,37.0670013427734,27.6721920244277,2.90400004386902,0.1259638888244,42
"227","EMPAID_NCU05A_2016","success",2016,"EMPAID","EMPAID_CU","U",2.1,-0.978147600733806,159,"PIPO",0,10,0.4,335.8819885,10.0938997,40,7.4215298,0,32.1049995422363,21.2632777465714,22.1000003814697,2.29977504213651,41
"228","EMPAID_NCU07A_2013","success",2013,"EMPAID","EMPAID_CU","H",2.8,0.866025403784439,148,"PSME",8.33333333333333,30,0.692307692307692,410.1860046,10.8526001,56,18.7737999,0,35.6189994812012,23.6862407185815,16.0020008087158,0.984545464271849,41
"229","EMPAID_NCU09A_2014","failure",2014,"EMPAID","EMPAID_CU","H",2.4,0.951056516295154,182,"PIPO",8.33333333333333,2.5,0.4,398.8699951,9.2735596,59,33.4995995,0,36.2210006713867,33.2835187558775,0.814999997615814,0.030185185096882,17
"230","EMPAID_NCU09A_2015","success",2015,"EMPAID","EMPAID_CU","U",2.2,-0.970295726275996,154,"PIPO",8.33333333333333,7.5,0.5,392.2120056,9.1995802,54,28.3367996,0,38.9440002441406,27.5813647374347,9.3459997177124,0.664468745701015,43
"231","EMPAID_NCU10A_2012","success",2012,"EMPAID","241","H",2,0.587785252292473,144,"PIPO",25,20,0.818181818181818,356.3980103,8.2056103,64,35.347599,0,30.0739994049072,23.5243222792943,7.92899990081787,0.603812495867411,42
"232","EMPAID_NCU10A_2013","success",2013,"EMPAID","EMPAID_CU","H",1.8,-0.5,142,"PIPO",16.6666666666667,27.5,0.846153846153846,367.321991,8.3812399,64,35.2303009,0,37.1119995117188,23.0790444662647,16.1009998321533,1.91939253559306,42
"233","EMPAID_NCU10A_2014","success",2014,"EMPAID","EMPAID_CU","H",4.4,0.207911690817759,146,"PIPO",8.33333333333333,15,0.571428571428571,269.0350037,11.6083002,46,39.8944016,0,34.2379989624023,24.2732024793824,9.37399959564209,1.17487496541192,44
"234","EMPAID_NCU10A_2015","success",2015,"EMPAID","EMPAID_CU","H",4.5,-0.882947592858927,136,"PIPO",25,15,0.444444444444444,279.9419861,11.2514,44,40.7743988,0.194162,38.9440002441406,25.4598341470304,9.05799961090088,0.897800868465787,44
"235","EMPAID_NCU10A_2018","success",2018,"EMPAID","245","U",2.5,-0.374606593415912,171,"PIPO",50,2.5,0.875,347.3299866,11.1772003,43,0,0,34.201000213623,29.1716752021086,0,0,40
"236","EMPAID_NCU10A_2019","success",2019,"EMPAID","246","U",2.8,-0.669130606358858,153,"PIPO",50,2.5,0.875,347.3299866,11.1772003,43,0,0,31.0270004272461,23.8995983345168,0.72000002861023,0.0900000035762787,43
"237","EMPAID_NCW-A01A_2013","success",2013,"EMPAID","EMPAID_CW-A","U",4.6,-0.17364817766693,156,"PIPO",16.6666666666667,2.5,0.6,253.2870026,19.1459999,45,0,0,38.2789993286133,27.5802555905448,14.1949996948242,1.18865418425865,42
"238","EMPAID_NCW-A01A_2014","failure",2014,"EMPAID","EMPAID_CW-A","U",1.1,-0.642787609686539,153,"PIPO",16.6666666666667,22.5,1,200.1679993,18.3372002,12,12.8776999,0,25.7150001525879,19.6430262906211,6.22399997711182,0.880916675428549,18
"239","EMPAID_NCW-A01A_2015","failure",2015,"EMPAID","EMPAID_CW-A","U",2.2,0.857167300702112,143,"PIPO",108.333333333333,17.5,0.666666666666667,226.5579987,16.8306999,18,10.9123001,0,32.0320014953613,22.4396165529887,4.35799980163574,1.20664997796218,20
"240","EMPAID_NCW-A01A_2017","failure",2017,"EMPAID","EMPAID_CW-A","H",3.5,-0.0523359562429443,NA,"PIPO",8.33333333333333,27.5,0.333333333333333,259.9500122,29.9123001,64,62.2470016,0,34.5909996032715,30.2017663637797,4.54899978637695,0.46146664917469,12
"241","EMPAID_NCW-A01A_2018","failure",2018,"EMPAID","EMPAID_CW-A","H",1.8,-0.809016994374947,150,"PIPO",25,0,1,420.8420105,14.3107996,60,49.8092995,45.0965996,27.9400005340576,22.2469039122264,10.9989995956421,1.42648411180144,26
"242","EMPAID_NCW-A01B_2013","success",2013,"EMPAID","EMPAID_CW-A","U",4.1,0.0523359562429439,154,"PIPO",8.33333333333333,45,0.894736842105263,211.9589996,18.6592007,14,8.8589001,0,36.8889999389649,25.4363197109916,16.1019992828369,1.22968179113937,42
"243","EMPAID_NCW-A01B_2015","success",2015,"EMPAID","EMPAID_CW-A","U",6.3,0.241921895599667,166,"PIPO",208.333333333333,20,0.636363636363636,212.7319946,17.5820007,18,5.1921401,0,30.5930004119873,26.2810986115819,9.76599979400635,1.25511902858991,42
"244","EMPAID_NCW-A01B_2018","failure",2018,"EMPAID","EMPAID_CW-A","HB",4.6,0.874619707139396,181,"PSME",8.33333333333333,25,0.636363636363636,357.8670044,28.2931995,76,71.1059036,21.9148998,33.0340003967285,27.3075948397319,0,0,12
"245","EMPAID_NCW-A02A_2019","success",2019,"EMPAID","EMPAID_CW-A","HB",2.2,0.390731128489273,145,"PSME",50,22.5,0.8,313.8340149,15.8607998,48,52.6841011,51.8223,30.4109992980957,24.2526785093641,1.23500001430511,0.107304762161913,44
"246","EMPAID_NCW-A03A_2012","success",2012,"EMPAID","EMPAID_CW-A","U",3,-0.484809620246337,148,"PIPO",16.6666666666667,10,0.857142857142857,300.3580017,12.9594002,40,0.99736,0,37.125,24.0333972507053,6.21600008010864,0.635487957436729,43
"247","EMPAID_NCW-A03A_2016","success",2016,"EMPAID","EMPAID_CW-A","H",1.2,0.927183854566787,144,"PIPO",16.6666666666667,10,0.857142857142857,300.3580017,12.9594002,40,43.6492004,4.2397399,34.9710006713867,24.4829090868565,7.30000019073486,0.633357147139216,43
"248","EMPAID_NCW-A03A_2017","failure",2017,"EMPAID","EMPAID_CW-A","H",2,0.0348994967025013,171,"PIPO",8.33333333333333,20,0.444444444444444,461.7590027,11.5770998,48,63.743,1.48646,35.1199989318848,28.7067212382952,2.58599996566772,0.242374997679144,17
"249","EMPAID_NCW-A04A_2018","failure",2018,"EMPAID","EMPAID_CW-A","HB",1.3,0.933580426497202,153,"PIPO",16.6666666666667,12.5,1,418.2820129,9.3712997,52,62.5696983,51.2812004,26.8959999084473,23.1264166037242,3.5090000629425,0.919333338582267,11
"250","EMPAID_NCW-A04A_2019","success",2019,"EMPAID","EMPAID_CW-A","HB",2.5,-0.20791169081776,156,"PIPO",50,5,0.875,448.9710083,9.8943596,53,64.0950012,49.5942001,33.3889999389648,25.4642334571801,11.0229997634888,0.500330419014528,42
"251","EMPAID_NCW-A05A_2017","success",2017,"EMPAID","EMPAID_CW-A","H",2.3,-0.788010753606722,156,"PIPO",8.33333333333333,12.5,0.833333333333333,490.9500122,12.5887003,56,62.7457008,6.3118701,35.9360008239746,25.9272089209821,4.6729998588562,0.794730156943912,43
"252","EMPAID_NCW-A07A_2018","success",2018,"EMPAID","EMPAID_CW-A","H",1.9,-0.275637355816999,149,"PIPO",41.6666666666667,7.5,0.625,395.0429993,22.9218006,78,73.0712967,45.2397995,33.0340003967285,26.2225073311064,0,0,44
"253","EMPAID_NCW-A07A_2019","success",2019,"EMPAID","EMPAID_CW-A","H",1.7,-0.694658370458997,154,"PSME",16.6666666666667,12.5,0.375,387.9070129,16.1259995,17,73.892601,45.1442986,32.4650001525879,23.3916166761835,12.3640003204346,0.560417695299568,42
"254","EMPAID_NCW-B02A_2019","success",2019,"EMPAID","EMPAID_CW-B","HB",4.8,-0.974370064785235,152,"PSME",25,17.5,0.3,356.223999,29.0282001,65,61.6896019,66.5595016,31.931999206543,23.7588345773636,2.46799993515015,0.234052780767282,44
"255","EMPAID_NCW-B03A_2017","success",2017,"EMPAID","EMPAID_CW-B","H",3,0.961261695938319,146,"PIPO",0,55,0.772727272727273,344.2019958,29.6429996,65,62.1590004,0.235541,32.5509986877441,27.6184197680155,5.07600021362305,0.636093339920044,41
"256","EMPAID_NCW-B04A_2016","success",2016,"EMPAID","EMPAID_CW-B","H",3,0.207911690817759,165,"PSME",8.33333333333333,50,0.857142857142857,382.4869995,27.2096996,59,48.577301,0,33.6520004272461,25.853171667977,23.9769992828369,1.03102915527683,44
"257","EMPAID_NCW-B04A_2018","success",2018,"EMPAID","EMPAID_CW-B","HB",3,-0.529919264233205,158,"PIPO",16.6666666666667,37.5,0.647058823529412,370.1400146,26.6138992,60,59.2841988,46.3348007,33.0340003967285,27.6669425392392,6.05900001525879,0.387916669249535,41
"258","EMPAID_NCW-D04A_2015","success",2015,"EMPAID","EMPAID_CW-D","U",4,0.994521895368273,133,"PIPO",41.6666666666667,25,0.9375,336.151001,12.2349005,54,24.4353008,0,33.189998626709,25.5367395896416,5.32800006866455,0.979020011744329,42
"259","EMPAID_NCW-D04A_2016","success",2016,"EMPAID","EMPAID_CW-D","HB",3.5,0.275637355816999,150,"PIPO",33.3333333333333,37.5,0.842105263157895,400.6530151,14.1034002,75,24.1713009,24.2894001,35.3359985351562,26.6620138221317,19.5769996643066,0.750031237490475,44
"260","EMPAID_NCW-D04A_2017","success",2017,"EMPAID","EMPAID_CW-D","HB",2,-0.342020143325669,134,"PIPO",25,2.5,0.75,481.0350037,11.2765999,66,17.219101,20.1387997,33.015998840332,23.5403718986208,6.84999990463257,1.32756427973509,44
"261","EMPAID_NCW-D06A_2014","success",2014,"EMPAID","EMPAID_CW-D","H",3.3,0.241921895599668,145,"PIPO",33.3333333333333,17.5,0.727272727272727,444.5750122,8.9568996,50,20.4459,0,34.7000007629395,33.460799407959,0,0,43
"262","EMPAID_NCW-D09A_2012","success",2012,"EMPAID","EMPAID_CW-D","U",6.6,-0.984807753012208,148,"PIPO",NA,NA,NA,340.822998,12.3292999,58,0,0,37.4910011291504,29.9028022289276,7.25600004196167,0.3902291705211,44
"263","EMPAID_NCW-D09A_2013","success",2013,"EMPAID","EMPAID_CW-D","U",1.6,0.156434465040231,179,"PIPO",133.333333333333,2.5,1,314.3250122,11.8965998,62,0,0,35.568000793457,31.3594415664673,1.90100002288818,0.0950500011444092,41
"264","EMPAID_NCW-D10A_2013","failure",2013,"EMPAID","EMPAID_CW-D","U",3.6,0.866025403784438,146,"PIPO",25,10,0.714285714285714,263.1740112,11.6911001,63,0,0,30.5860004425049,25.0678207993507,7.84700012207031,0.33475833768025,23
"265","EMPAID_NCW-D10A_2016","success",2016,"EMPAID","EMPAID_CW-D","HB",9.8,-1,160,"PIPO",58.3333333333333,12.5,0.166666666666667,239.7339935,21.2000008,88,24.5820007,13.8301001,35.3359985351562,27.1884082112994,19.5769996643066,0.874938081133933,42
"266","EMPAID_NCW-D10A_2017","success",2017,"EMPAID","EMPAID_CW-D","HB",2.1,0.743144825477394,131,"PIPO",50,2.5,0.285714285714286,239.3390045,24.2194996,90,26.9286995,19.3017006,31.6620006561279,22.3766854063454,6.84999990463257,1.20080610476181,42
"267","EMPAID_NCW-E03A_2017","success",2017,"EMPAID","EMPAID_CW-E","H",2.5,-0.642787609686539,154,"PIPO",33.3333333333333,12.5,0.666666666666667,199.4450073,38.3394012,75,24.5527,0,34.0979995727539,26.3170539141963,5.71199989318848,0.835803180554556,44
"268","EMPAID_NCW-G02A_2019","success",2019,"EMPAID","EMPAID_CW-G","HB",8.4,-0.999390827019096,142,"PSME",0,0,0,386.8720093,48.2584991,28,30.3607998,53.3532982,27.5809993743896,21.4760625958443,1.94900000095367,0.310249999165535,42
"269","EMPAID_NDL03A_2013","success",2013,"EMPAID","EMPAID_DL","U",6.7,0.342020143325669,154,"PIPO",0,5,0.4,163.3730011,49.6929016,15,0,0,36.1590003967285,23.7499192253749,16.8509998321533,1.62775331795216,42
"270","EMPAID_NDL03A_2014","failure",2014,"EMPAID","EMPAID_DL","U",3.2,0.743144825477394,148,"PIPO",0,5,0.4,163.3730011,49.6929016,15,0,0,26.9179992675781,21.9141290813297,4.66800022125244,0.346078792157849,28
"271","EMPAID_NDL04A_2018","success",2018,"EMPAID","EMPAID_DL","U",5.7,-0.544639035015027,149,"PIPO",8.33333333333333,10,0.714285714285714,161.9620056,49.5990982,16,0,0,31.1159992218018,22.6289733028412,5.7189998626709,0.741720002094905,41
"272","EMPAID_NDL08A_2014","success",2014,"EMPAID","EMPAID_DL","U",2.9,0.601815023152048,151,"PIPO",16.6666666666667,15,0.625,284.3110046,20.8591995,28,0,0,35.6870002746582,24.1489749363491,7.40999984741211,1.07794644374933,45
"273","EMPAID_NDL08A_2015","success",2015,"EMPAID","EMPAID_DL","U",1.2,-0.848048096156426,144,"PIPO",8.33333333333333,0,0.25,417.8909912,19.6219997,30,0,0,38.7919998168945,29.8002582478685,1.39600002765656,0.0375068032984197,43
"274","EMPAID_NDL08A_2017","success",2017,"EMPAID","EMPAID_DL","U",2,-0.974370064785235,149,"PIPO",16.6666666666667,5,0.666666666666667,393.6919861,17.0144997,30,0,0,35.1469993591309,30.2775416374207,0,0,42
"275","EMPAID_NDL10A_2018","failure",2018,"EMPAID","EMPAID_DL","U",2.5,-0.965925826289068,155,"PIPO",183.333333333333,12.5,1,341.8380127,14.2024002,36,0,0,27.4500007629395,20.1354781316071,6.51800012588501,1.12652963679974,29
"276","EMPAID_NEFW01A_2018","success",2018,"EMPAID","286","H",3.2,0.484809620246337,147,"PIPO",16.6666666666667,22.5,0.272727272727273,316.1650085,7.70858,55,7.9202099,0,34.3310012817383,24.2290900996753,11.1870002746582,0.8783928717797,43
"277","EMPAID_NLC-R09A_2014","success",2014,"EMPAID","EMPAID_LC-R","B",1.1,0.629320391049838,157,"PIPO",83.3333333333333,7.5,0.928571428571429,132.6999969,31.5911999,12,0,3.1066,35.6870002746582,27.5054496157737,7.40999984741211,0.401758731931211,45
"278","EMPAID_NLC-R10A_2012","success",2012,"EMPAID","EMPAID_LC-R","B",1.6,0.642787609686539,147,"PIPO",0,7.5,1,136.8910065,31.3173008,11,0,3.1066,33.6360015869141,22.3734064283825,9.66199970245361,1.33675214865851,43
"279","EMPAID_NLC03A_2017","failure",2017,"EMPAID","EMPAID_LC","H",2.3,-0.20791169081776,153,"PIPO",116.666666666667,10,0.9,133.677002,35.6916008,16,0.205339,3.1066,29.2369995117188,21.7427708828088,8.12800025939941,1.13816364114032,21
"280","EMPAID_NLC04A_2013","success",2013,"EMPAID","EMPAID_LC","B",2.3,0.3583679495453,155,"PIPO",0,15,1,136.5529938,31.1275997,12,0,3.1066,37.1180000305176,26.0449692633417,15.66100025177,1.39968889570899,41
"281","EMPAID_NLC05A_2015","success",2015,"EMPAID","EMPAID_LC","U",2,-0.681998360062499,150,"PIPO",8.33333333333333,5,0.6,153.3650055,30.0527,13,0,3.1066,35.0369987487793,31.57890791893,10.3690004348755,0.989791681369146,44
"282","EMPAID_NLC05A_2016","failure",2016,"EMPAID","EMPAID_LC","B",1.6,-0.642787609686539,165,"PIPO",25,2.5,1,218.8240051,11.1899996,71,0,3.1066,27.9529991149902,19.7153999328613,5.68300008773804,1.55880001783371,8
"283","EMPAID_NPM09A_2013","success",2013,"EMPAID","293","B",2.6,-0.587785252292473,159,"PIPO",8.33333333333333,5,0.333333333333333,191.4179993,19.1755009,47,8.80023,49.1040001,36.5589981079102,27.2329017049926,17.3519992828369,0.934117604763735,40
"284","EMPAID_NPM09A_2014","failure",2014,"EMPAID","294","B",1.7,-0.743144825477394,149,"PIPO",8.33333333333333,15,0.625,187.9689941,16.3868999,46,11.7923002,58.0036011,25.6240005493164,21.8005997975667,3.22499990463257,0.416000000635783,18
"285","EMPAID_NSF02A_2015","success",2015,"EMPAID","EMPAID_SF","H",1.3,0.848048096156426,139,"PIPO",25,17.5,1,555.651001,7.5188899,24,29.3633995,0,39.5660018920898,28.547150071462,5.32800006866455,0.511942864209414,42
"286","EMPAID_NSF02A_2016","success",2016,"EMPAID","EMPAID_SF","H",2.2,-0.777145961456971,139,"PIPO",8.33333333333333,52.5,0.909090909090909,141.1750031,32.2280006,100,30.6541996,4.4561901,35.3359985351562,25.8489259292209,7.09299993515015,0.769673117155594,43
"287","EMPAID_NSF04A_2012","success",2012,"EMPAID","297","U",3.3,0.999847695156391,151,"PIPO",25,15,0.888888888888889,456.7160034,7.9411802,33,15.6351004,0,37.125,28.6725540359815,6.21600008010864,0.225454170505206,41
"288","EMPAID_NSF05A_2016","success",2016,"EMPAID","EMPAID_SF","H",1.4,0.866025403784438,158,"PIPO",25,25,0.923076923076923,487.2810059,9.1460505,46,48.9292984,6.3118701,34.9710006713867,26.5558904274431,20.7019996643066,1.42755183799084,42
"289","EMPAID_NSF07A_2014","success",2014,"EMPAID","EMPAID_SF","H",2.3,0.241921895599667,147,"PIPO",8.33333333333333,20,0.888888888888889,455.9129944,16.0212994,65,35.993,0,34.4679985046387,26.4480467402746,5.93599987030029,0.536413482848614,43
"290","EMPAID_NSF07A_2015","success",2015,"EMPAID","EMPAID_SF","H",3,0.139173100960065,139,"PIPO",8.33333333333333,10,1,468.0100098,15.7231998,67,41.2144012,0,39.2490005493164,26.5788284629431,5.91300010681152,0.826833343505859,41
"291","EMPAID_NSF07A_2016","success",2016,"EMPAID","EMPAID_SF","H",5.5,-0.997564050259824,142,"PIPO",16.6666666666667,20,0.8,455.9129944,16.0212994,65,59.4309006,6.3118701,34.9710006713867,26.0802773075339,7.30000019073486,0.718297619825949,45
"292","EMPAID_NSF08A_2013","success",2013,"EMPAID","EMPAID_SF","U",1.8,-0.156434465040231,163,"PIPO",8.33333333333333,12.5,0.857142857142857,307.8590088,7.9717202,28,23.3792992,0,38.2789993286133,29.4314272808306,14.1949996948242,1.10892273864963,43
"293","EMPAID_NSF08A_2017","failure",2017,"EMPAID","EMPAID_SF","H",2.8,0.939692620785908,146,"PSME",25,22.5,0.833333333333333,169.8470001,33.2288017,96,33.176899,3.12251,29.3159999847412,25.9355713980538,6.84999990463257,1.8798571228981,10
"294","EMPAID_NSF09A_2014","failure",2014,"EMPAID","EMPAID_SF","U",0.7,-0.342020143325669,154,"PIPO",0,10,0.5,300.8259888,11.4209995,36,17.0431004,0,27.0890007019043,23.9610972934299,3.09599995613098,0.265861108071274,14
"295","EMPAID_NSF09A_2015","success",2015,"EMPAID","EMPAID_SF","H",2,-0.719339800338651,137,"PIPO",108.333333333333,15,1,252.1320038,13.1206999,36,16.9258003,0,39.2490005493164,30.8239443567064,0.648999989032745,0.0540833324193954,43
"296","EMPAID_NSF09A_2017","success",2017,"EMPAID","EMPAID_SF","H",2.2,-0.629320391049837,144,"PIPO",41.6666666666667,10,0.666666666666667,309.4450073,10.9294004,45,59.4309006,5.8439698,34.5279998779297,25.909167778492,6.9689998626709,0.989309040222701,43
"297","EMPAID_NSG08A_2014","failure",2014,"EMPAID","307","B",16,0.0174524064372836,145,"PIPO",83.3333333333333,2.5,0.636363636363636,329.019989,12.3838997,59,29.9794998,36.9735985,24.4309997558594,16.9997000694275,6.03499984741211,1.70719994902611,26
"298","EMPAID_NSG09A_2015","success",2015,"EMPAID","308","HB",4,0.965925826289068,163,"PIPO",33.3333333333333,7.5,0.571428571428571,287.3630066,27.7528,40,37.3717003,66.4639969,38.0629997253418,29.149374634879,10.2370004653931,0.426073913832033,42
"299","EMPAID_NSG10A_2012","success",2012,"EMPAID","309","HB",5.4,-0.139173100960066,143,"PIPO",41.6666666666667,2.5,0.666666666666667,136.2339935,68.9445038,32,33.7635994,59.1240005,29.2080001831055,23.1357665793101,7.76100015640259,0.653050017356873,42
"300","EMPAID_NSG10A_2013","failure",2013,"EMPAID","310","HB",2.2,0.809016994374947,160,"PIPO",0,0,0,83.7570038,67.5904007,23,36.1689987,55.9473991,36.4990005493164,20.9296268844604,16.7390003204346,3.07316002925237,23
"301","EMPAID_NSG10A_2014","success",2014,"EMPAID","311","HB",1.7,0.956304755963035,152,"PIPO",0,0,0,174.7400055,39.235199,46,33.1475983,61.0751991,35.3230018615723,26.2582333819071,8.80700016021729,0.650753322641055,44
"302","EMPAID_NSG10A_2015","failure",2015,"EMPAID","312","HB",1.9,0.241921895599668,134,"PIPO",33.3333333333333,12.5,0.666666666666667,259.7009888,31.5953007,31,39.2490005,75.9716034,25.4050006866455,17.9184080923446,10.2589998245239,2.79620807035403,20
"303","EMPAID_NSG10A_2016","failure",2016,"EMPAID","313","HB",1.9,-0.17364817766693,142,"PIPO",25,10,0.714285714285714,272.9609985,29.1126003,34,40.2463989,79.3615036,31.4610004425049,20.8944527122709,13.414999961853,1.53140832301643,31
"304","EMPAID_NSG10A_2017","failure",2017,"EMPAID","314","HB",2.5,-0.819152044288992,143,"PIPO",16.6666666666667,7.5,0.4,251.1049957,33.7626991,40,34.966301,75.2172012,30.371000289917,25.236333211263,0,0,38
"305","EMPAID_NSG10A_2019","success",2019,"EMPAID","315","HB",3.8,-0.342020143325669,151,"PIPO",0,0,0,182.6430054,34.8348999,65,26.1366997,45.9337006,28.1730003356934,23.6720300197601,0.72000002861023,0.0242761914219175,42
"306","EMPAID_NWM03A_2013","success",2013,"EMPAID","316","H",3.4,-0.997564050259824,148,"PIPO",0,0,0,375.9819946,10.5274,48,39.4543991,0,36.5589981079102,24.7923149885955,17.3519992828369,1.33306663235029,44
"307","EMPAID_NWM03A_2014","success",2014,"EMPAID","317","H",2.9,-0.694658370458997,148,"PIPO",16.6666666666667,5,0.5,252.5079956,27.0023003,28,40.1876984,0.165515,33.3230018615723,26.4965381501213,7.5,0.396796822642523,44
"308","EMPAID_NWM03A_2015","success",2015,"EMPAID","318","H",2.3,0.898794046299167,146,"PIPO",0,0,0,262.0979919,23.2483006,27,38.1049995,0,37.9799995422363,29.8966934585571,8.99400043487549,0.900716685255368,48
"309","EMPAID_NWM03A_2016","failure",2016,"EMPAID","319","H",2.4,0.469471562785891,163,"PIPO",41.6666666666667,7.5,0.875,291.2850037,23.3983002,19,39.5130997,0,33.3810005187988,24.7092732129274,6.17199993133545,0.540066663424174,25
"310","EMPAID_NWM03A_2017","success",2017,"EMPAID","320","H",10.5,0.309016994374947,154,"PIPO",50,12.5,0.818181818181818,234.4140015,27.8251991,25,39.7476997,0.0923067,34.5029983520508,26.3807500794766,4.22100019454956,0.486413212544802,45
"311","EMPAID_NWM03A_2018","success",2018,"EMPAID","321","H",3.5,-0.453990499739547,146,"PIPO",0,0,0,278.2479858,23.2059994,22,38.9556999,0,31.6310005187988,21.7150838074861,5.74599981307983,0.464196292628293,44
"312","EMPAID_NWM03A_2019","success",2019,"EMPAID","322","H",2,-0.970295726275996,159,"PIPO",25,0,1,283.6929932,25.2553005,24,40.6864014,0.108222,31.2560005187988,23.9174637372802,2.23000001907349,0.437816331277088,40
"313","EMPAID_NWM06A_2015","success",2015,"EMPAID","323","HB",0.8,0.992546151641322,157,"PIPO",50,35,0.85,302.2839966,16.2989006,34,34.2036018,17.7451992,30.2830009460449,26.040958404541,8.99400043487549,1.91291670252879,40
"314","EMPAID_NWM07A_2012","success",2012,"EMPAID","324","H",3.3,-0.927183854566787,147,"PIPO",8.33333333333333,2.5,0.5,394.7160034,9.55126,50,37.8116989,0,29.3269996643066,25.602833588918,1.45000004768372,0.120833337306976,40
"315","EMPAID_NWRF-L08A_2015","success",2015,"EMPAID","EMPAID_WRF-L","H",2.5,-0.121869343405147,137,"PIPO",16.6666666666667,40,0.666666666666667,334.2109985,11.8463001,65,23.9073009,0,38.326000213623,29.519389073054,0.150999993085861,0.00469444423086113,43
"316","EMPAID_NWRF-M06A_2013","success",2013,"EMPAID","EMPAID_WRF-M","U",7.1,0.90630778703665,157,"PIPO",33.3333333333333,25,0.571428571428571,384.9719849,10.4211998,29,4.31212,0,37.4959983825684,30.278074718657,14.7559995651245,0.949999996026357,42
"317","EMPAID_NWRF-M06A_2015","success",2015,"EMPAID","EMPAID_WRF-M","H",3,-0.939692620785908,148,"PIPO",8.33333333333333,42.5,0.5,399.4190063,11.8261995,60,20.6805992,0,38.5950012207031,29.1334481380604,7.59299993515015,0.649962959738655,42
"318","EMPAID_NWRF-M06A_2016","success",2016,"EMPAID","EMPAID_WRF-M","H",2.1,-1.83690953073357e-16,149,"PSME",16.6666666666667,20,0.6,414.0329895,11.4113998,53,21.7658997,7.3590698,34.3699989318848,24.7783227087615,19.5429992675781,1.37648113930525,45
"319","EMPAID_NWRF-M08A_2019","success",2019,"EMPAID","EMPAID_WRF-M","HB",7.4,0.965925826289068,156,"PIPO",25,2.5,0.5,393.7650146,10.8755999,61,22.8806,21.9881001,32.2519989013672,26.5468523070926,1.90900003910065,0.389946435409781,47
"320","EMPAID_NWRF-M09A_2018","success",2018,"EMPAID","EMPAID_WRF-M","HB",4.3,0.642787609686539,161,"PIPO",16.6666666666667,17.5,0.333333333333333,434.8819885,14.8796997,69,25.3446999,21.4374008,34.1049995422363,27.5333870018601,4.90899991989136,0.351805552150364,43
