"","parameter","2.5%","25%","50%","75%","97.5%","Model"
"1","NestHt",-0.0812194382614115,0.0929536140083626,0.191953117520517,0.297011975415439,0.515083787780603,"Model3_CustomProb"
"2","NestOrientation",-0.136826659327934,0.030168739332322,0.119413215690304,0.208630150098897,0.385046587763023,"Model3_CustomProb"
"3","InitDay",-0.765121239396438,-0.603661604891418,-0.52168427850357,-0.438972898436084,-0.27802214665447,"Model3_CustomProb"
"4","LgTreeDens",-0.205237353387125,-0.0702057099405667,0.00545781366040191,0.0859419092446898,0.24743158530425,"Model3_CustomProb"
"5","SmTreeDens",-0.37371190025179,-0.25310832523577,-0.188363446087877,-0.118042210716984,0.0229200343613111,"Model3_CustomProb"
"6","Tmax",0.134819820553531,0.357369180421653,0.473295759726632,0.593065895290145,0.843308260015763,"Model3_CustomProb"
"7","Tmax^2",-0.204118611550999,-0.0568506116696421,0.0301054692936558,0.13036563040066,0.349940983607973,"Model3_CustomProb"
"8","PPT",-1.53473769104609,-0.371309098345604,0.410479535174219,1.51593956875221,3.98443700686002,"Model3_CustomProb"
"9","PPT^2",0.0877518903774737,2.1951619479082,5.55821595459204,9.50966947178018,18.4302989177221,"Model3_CustomProb"
