"","ID","n.t","x1_sc","t","y_end","int","y"
"1",1,1,0.235552303892994,5,1,1,1
"2",2,1,-0.337623189579938,7,1,1,1
"3",3,1,1.48062644735481,1,1,1,1
"4",4,1,-0.639611586654975,1,1,1,1
"5",5,1,1.62684576159057,5,1,1,1
"6",6,1,-1.10984390029617,2,1,1,1
"7",7,1,-1.08620318053586,7,0,1,0
"8",8,1,-1.6814822623692,5,0,1,0
"9",9,1,1.26955111568175,4,1,1,1
"10",10,1,-1.31028874260205,6,0,1,0
"11",11,1,0.613325441245939,1,1,1,1
"12",12,1,1.45109222594139,3,1,1,1
"13",13,1,-1.00464730297415,10,0,1,0
"14",14,1,-0.969398890610276,6,1,1,1
"15",15,1,0.0809928651598078,1,1,1,1
"16",16,1,-0.877237635731874,5,1,1,1
"17",17,1,-0.623187517811743,10,1,1,1
"18",18,1,0.31626519167599,5,1,1,1
"19",19,1,0.196734735676571,3,1,1,1
"20",20,1,1.77681421016244,5,1,1,1
"21",21,1,1.28156387356175,9,1,1,1
"22",22,1,-1.7059100137451,9,0,1,0
"23",23,1,1.07684265494027,5,1,1,1
"24",24,1,-0.31200633300222,10,1,1,1
"25",25,1,-1.16511452465635,1,0,1,0
"26",26,1,0.438478783504021,4,1,1,1
"27",27,1,-0.153089888543538,7,1,1,1
"28",28,1,-1.53383154683504,2,0,1,0
"29",29,1,0.112948679993711,10,1,1,1
"30",30,1,0.794055745120727,2,1,1,1
"31",31,1,-0.496040363861631,3,1,1,1
"32",32,1,2.14252219988964,1,1,1,1
"33",33,1,-1.92756968853931,10,0,1,0
"34",34,1,0.96227601003111,2,1,1,1
"35",35,1,-1.67714923270465,1,0,1,0
"36",36,1,1.59911293329409,7,1,1,1
"37",37,1,0.0833912329254568,10,1,1,1
"38",38,1,-0.356312443475238,1,1,1,1
"39",39,1,-0.823513180765283,6,1,1,1
"40",40,1,-1.30590116413855,4,0,1,0
"41",41,1,1.78370487125777,10,1,1,1
"42",42,1,0.631386177973258,3,1,1,1
"43",43,1,-0.196406965366713,10,1,1,1
"44",44,1,1.8132019507267,6,1,1,1
"45",45,1,1.56531831385455,10,1,1,1
"46",46,1,2.15775855745156,5,1,1,1
"47",47,1,0.860187630714394,1,1,1,1
"48",48,1,0.642613944993614,3,1,1,1
"49",49,1,-0.502451552936781,9,0,1,0
"50",50,1,-0.898615788567214,3,1,1,1
"51",51,1,0.737432930946618,4,1,1,1
"52",52,1,0.980031775298843,2,1,1,1
"53",53,1,0.959276816431881,4,1,1,1
"54",54,1,0.118668006033121,9,1,1,1
"55",55,1,-0.791930637395347,6,1,1,1
"56",56,1,0.490868749375571,10,1,1,1
"57",57,1,-0.0796464748980454,2,1,1,1
"58",58,1,1.25629436941083,4,1,1,1
"59",59,1,0.241684441112865,7,1,1,1
"60",60,1,-0.756225702468102,10,1,1,1
"61",61,1,0.563861698587809,4,1,1,1
"62",62,1,0.330840684677333,8,1,1,1
"63",63,1,-0.158610788485485,10,1,1,1
"64",64,1,-0.827209075507524,5,0,1,0
"65",65,1,0.161777972631371,7,1,1,1
"66",66,1,0.284482694939797,2,1,1,1
"67",67,1,0.472651534728476,4,1,1,1
"68",68,1,-0.419734951175442,5,1,1,1
"69",69,1,1.43958761002889,10,1,1,1
"70",70,1,-1.46217096442522,6,0,1,0
"71",71,1,0.290303127719729,3,1,1,1
"72",72,1,0.877496684373109,2,1,1,1
"73",73,1,0.0229120445455553,1,1,1,1
"74",74,1,-0.969420096376465,4,0,1,0
"75",75,1,1.32376546516879,10,1,1,1
"76",76,1,0.784773917368864,9,1,1,1
"77",77,1,2.07485756160622,7,1,1,1
"78",78,1,-0.115599082242529,7,1,1,1
"79",79,1,-0.746016453759486,10,0,1,0
"80",80,2,0.992130485361326,1,1,1,1
"81",80,2,0.347649510507787,1,1,2,1
"82",81,2,0.47487492267197,10,1,1,1
"83",81,2,-0.450794174386254,10,1,2,1
"84",82,2,-0.00965686420508674,3,0,1,1
"85",82,2,-2.75496578294759,3,0,2,0
"86",83,2,-0.556512406876379,4,1,1,1
"87",83,2,1.33381978935071,4,1,2,1
"88",84,2,0.709634640364229,2,1,1,1
"89",84,2,-1.00918600870679,2,1,2,1
"90",85,2,0.113766046694893,1,1,1,1
"91",85,2,-2.08992921353958,1,1,2,1
"92",86,2,0.885891230268036,9,1,1,1
"93",86,2,0.553293835252723,9,1,2,1
"94",87,2,-0.730128427200416,5,1,1,1
"95",87,2,0.522532536915732,5,1,2,1
"96",88,2,0.587451138742997,6,1,1,1
"97",88,2,-0.393404533494517,6,1,2,1
"98",89,2,1.53963117649832,9,1,1,1
"99",89,2,0.867090333709272,9,1,2,1
"100",90,2,-0.28684237339197,1,1,1,1
"101",90,2,-0.476988339879971,1,1,2,1
"102",91,2,0.122295425366778,6,1,1,1
"103",91,2,-0.0527458712361742,6,1,2,1
"104",92,2,0.57223402726317,7,1,1,1
"105",92,2,1.46695035476599,7,1,2,1
"106",93,2,0.711660922335492,4,1,1,1
"107",93,2,-0.769300705997881,4,1,2,1
"108",94,2,-0.0772722621559496,7,0,1,1
"109",94,2,-1.23109461985048,7,0,2,0
"110",95,2,0.665854614379352,8,1,1,1
"111",95,2,0.463746618579363,8,1,2,1
"112",96,2,-0.441121919593587,4,1,1,1
"113",96,2,0.82112655152645,4,1,2,1
"114",97,2,0.918771910133755,4,1,1,1
"115",97,2,1.34387229027021,4,1,2,1
"116",98,2,0.190257198299938,8,0,1,1
"117",98,2,-1.00090974838631,8,0,2,0
"118",99,2,0.325815210550575,7,0,1,1
"119",99,2,-1.45331152830495,7,0,2,0
"120",100,2,-0.362886996121569,6,1,1,1
"121",100,2,-0.558855852334088,6,1,2,1
"122",101,2,-1.15275183824362,9,1,1,1
"123",101,2,0.317500246093954,9,1,2,1
"124",102,2,0.861467146768196,5,1,1,1
"125",102,2,0.384023922880593,5,1,2,1
"126",103,2,0.417772397578742,5,1,1,1
"127",103,2,-0.682193202326519,5,1,2,1
"128",104,2,-0.145995768502001,9,1,1,1
"129",104,2,-0.298688501471855,9,1,2,1
"130",105,2,0.477212054385051,10,1,1,1
"131",105,2,1.56084722271101,10,1,2,1
"132",106,2,0.488089142746922,5,1,1,1
"133",106,2,0.173842876919093,5,1,2,1
"134",107,2,0.259580117575266,6,1,1,1
"135",107,2,0.0563447510714198,6,1,2,1
"136",108,2,-0.498834897500329,6,0,1,1
"137",108,2,-1.49553855295402,6,0,2,0
"138",109,2,0.565356205494662,8,1,1,1
"139",109,2,-0.191748348383442,8,1,2,1
"140",110,2,-0.511468435164536,4,0,1,1
"141",110,2,-1.92364535391295,4,0,2,0
"142",111,2,-0.705549447087523,8,1,1,1
"143",111,2,-0.372603415149885,8,1,2,1
"144",112,2,-0.03594613954848,10,1,1,1
"145",112,2,-0.0463668559904839,10,1,2,1
"146",113,2,0.0312279258789515,2,1,1,1
"147",113,2,0.528038771199466,2,1,2,1
"148",114,2,-0.22652465637196,7,1,1,1
"149",114,2,1.17407885840458,7,1,2,1
"150",115,2,0.168026399688623,3,1,1,1
"151",115,2,-0.212372033334027,3,1,2,1
"152",116,2,0.0810039521415191,8,0,1,1
"153",116,2,-1.69954247319901,8,0,2,0
"154",117,2,0.223813762197965,1,1,1,1
"155",117,2,1.08479699010317,1,1,2,1
"156",118,2,0.267357226163511,1,1,1,1
"157",118,2,0.321420071325118,1,1,2,1
"158",119,2,0.233755081400236,8,1,1,1
"159",119,2,2.57622934979364,8,1,2,1
"160",120,2,0.00731446519685949,1,1,1,1
"161",120,2,-0.424483702128572,1,1,2,1
"162",121,2,0.709841257591924,3,1,1,1
"163",121,2,1.00216710828226,3,1,2,1
"164",122,2,0.909336522711158,10,1,1,1
"165",122,2,0.539649946268751,10,1,2,1
"166",123,2,0.226670228077144,5,0,1,1
"167",123,2,-1.20517282264829,5,0,2,0
"168",124,2,0.157819587393039,6,1,1,1
"169",124,2,0.330979179703204,6,1,2,1
"170",125,2,0.143680555640638,5,1,1,1
"171",125,2,-0.794244463036731,5,1,2,1
"172",126,2,-0.0265319286405933,5,1,1,1
"173",126,2,0.680726251573038,5,1,2,1
"174",127,2,-0.175913772862018,8,1,1,1
"175",127,2,0.733579126576455,8,1,2,1
"176",128,2,-0.388699448898689,10,1,1,1
"177",128,2,-0.68484506135962,10,1,2,1
"178",129,2,-0.479861611623521,4,1,1,1
"179",129,2,-0.190234947567232,4,1,2,1
"180",130,2,-0.0349071616841129,10,0,1,1
"181",130,2,-1.49266976419761,10,0,2,0
"182",131,2,-0.861455189681716,4,1,1,1
"183",131,2,1.2416638509654,4,1,2,1
"184",132,2,0.17845507778186,9,1,1,1
"185",132,2,-0.199994170774439,9,1,2,1
"186",133,2,-0.28218491993382,9,1,1,1
"187",133,2,0.196258570719393,9,1,2,1
"188",134,2,0.0965675005486948,5,1,1,1
"189",134,2,0.618587856289493,5,1,2,1
"190",135,2,-0.394684622385364,4,1,1,1
"191",135,2,-0.836028057159193,4,1,2,1
"192",136,2,0.205507663874273,7,1,1,1
"193",136,2,-0.277166633142104,7,1,2,1
"194",137,2,0.903941844457854,9,1,1,1
"195",137,2,0.488569863984247,9,1,2,1
"196",138,2,1.05948445792539,9,1,1,1
"197",138,2,-0.18701077573377,9,1,2,1
"198",139,2,-0.889030556993688,3,1,1,1
"199",139,2,0.190510461758949,3,1,2,1
"200",140,2,-0.168034200116254,10,1,1,1
"201",140,2,-0.617224721003348,10,1,2,1
"202",141,2,0.376957499483403,1,1,1,1
"203",141,2,0.247726318916034,1,1,2,1
"204",142,2,0.174215587936719,7,1,1,1
"205",142,2,2.46340753216958,7,1,2,1
"206",143,2,0.679963938253369,1,1,1,1
"207",143,2,-0.119027769671887,1,1,2,1
"208",144,2,0.0620467651466957,1,1,1,1
"209",144,2,1.47561989027387,1,1,2,1
"210",145,2,0.80862904046484,1,1,1,1
"211",145,2,0.175088374191432,1,1,2,1
"212",146,2,0.189601468677973,5,1,1,1
"213",146,2,-0.155157564240362,5,1,2,1
"214",147,2,-0.0929934178053708,6,0,1,1
"215",147,2,-1.17610275512175,6,0,2,0
"216",148,2,0.295514967618666,5,1,1,1
"217",148,2,-0.868741347766737,5,1,2,1
"218",149,2,0.999734714117822,5,1,1,1
"219",149,2,0.08988990734082,5,1,2,1
"220",150,2,1.29985136644411,2,1,1,1
"221",150,2,0.463851099547431,2,1,2,1
"222",151,2,0.129509631442239,1,1,1,1
"223",151,2,0.348110338099287,1,1,2,1
"224",152,2,-0.573786172949445,3,1,1,1
"225",152,2,0.40637048744724,3,1,2,1
"226",153,2,0.545652602009478,10,1,1,1
"227",153,2,0.97561927159022,10,1,2,1
"228",154,2,-0.209698301904297,1,1,1,1
"229",154,2,-0.308703781078502,1,1,2,1
"230",155,2,0.490655519732753,7,0,1,1
"231",155,2,-0.683565542097913,7,0,2,0
"232",156,2,-0.232222618721798,5,0,1,1
"233",156,2,-1.03944992140492,5,0,2,0
"234",157,2,0.318003165122312,9,1,1,1
"235",157,2,1.13718244189433,9,1,2,1
"236",158,2,-0.115511756798385,2,1,1,1
"237",158,2,0.508874247723051,2,1,2,1
"238",159,2,-0.283519418643813,2,1,1,1
"239",159,2,0.747969014887951,2,1,2,1
"240",160,2,-0.0488486544362341,7,1,1,1
"241",160,2,0.536393488171364,7,1,2,1
"242",161,3,-0.126044065944369,2,1,1,1
"243",161,3,0.805557986259671,2,1,2,1
"244",161,3,-1.01292188315496,2,1,3,1
"245",162,3,0.578555329424592,10,1,1,1
"246",162,3,-0.0874343775443373,10,1,2,1
"247",162,3,0.156085021666319,10,1,3,1
"248",163,3,0.405824567577464,4,1,1,1
"249",163,3,-0.241831683465372,4,1,2,1
"250",163,3,0.0272277572512063,4,1,3,1
"251",164,3,0.178693453963077,7,0,1,1
"252",164,3,1.20983597132227,7,0,2,1
"253",164,3,-2.25401093954828,7,0,3,0
"254",165,3,0.300754513205024,4,1,1,1
"255",165,3,0.96563255498102,4,1,2,1
"256",165,3,0.94508749981305,4,1,3,1
"257",166,3,-0.374065377562772,7,1,1,1
"258",166,3,-7.64883740484723e-05,7,1,2,1
"259",166,3,-0.603898946309032,7,1,3,1
"260",167,3,-0.254581920319035,3,1,1,1
"261",167,3,-0.497289471041688,3,1,2,1
"262",167,3,1.35820366960217,3,1,3,1
"263",168,3,0.0867996860358876,5,1,1,1
"264",168,3,0.114709081207752,5,1,2,1
"265",168,3,0.60520738476529,5,1,3,1
"266",169,3,0.0400194820751624,3,0,1,1
"267",169,3,0.356666732055363,3,0,2,1
"268",169,3,-1.96150511328511,3,0,3,0
"269",170,3,0.0894048231249424,9,1,1,1
"270",170,3,0.421150617537631,9,1,2,1
"271",170,3,0.340151413740791,9,1,3,1
"272",171,3,0.257602192780826,3,1,1,1
"273",171,3,0.0873264821781046,3,1,2,1
"274",171,3,1.74647308539623,3,1,3,1
"275",172,3,1.14736973969858,8,1,1,1
"276",172,3,0.649268806436669,8,1,2,1
"277",172,3,-0.378093874993277,8,1,3,1
"278",173,3,-0.115669986621371,3,1,1,1
"279",173,3,-0.334552269623943,3,1,2,1
"280",173,3,-0.887886430334894,3,1,3,1
"281",174,3,0.928754199387825,7,1,1,1
"282",174,3,-0.666657196630143,7,1,2,1
"283",174,3,-0.483810552514948,7,1,3,1
"284",175,3,-0.484198856628447,9,1,1,1
"285",175,3,0.99179857376677,9,1,2,1
"286",175,3,0.811860674432451,9,1,3,1
"287",176,3,0.445231037148634,4,1,1,1
"288",176,3,0.0613530724170763,4,1,2,1
"289",176,3,-0.158591127728817,4,1,3,1
"290",177,3,0.138936884804854,3,1,1,1
"291",177,3,0.759724395939122,3,1,2,1
"292",177,3,-0.180821656057847,3,1,3,1
"293",178,3,0.309222530583794,4,1,1,1
"294",178,3,0.933715080443924,4,1,2,1
"295",178,3,-0.833077187733447,4,1,3,1
"296",179,3,-0.0550308009818705,8,1,1,1
"297",179,3,0.815294423985419,8,1,2,1
"298",179,3,1.22944220911756,8,1,3,1
"299",180,3,0.385027036739782,3,1,1,1
"300",180,3,0.265526727001697,3,1,2,1
"301",180,3,-0.233019805521636,3,1,3,1
"302",181,3,0.923935237748531,5,0,1,1
"303",181,3,0.12789864318953,5,0,2,1
"304",181,3,-0.639172189899578,5,0,3,0
"305",182,3,-0.15581510032984,9,1,1,1
"306",182,3,0.303255517228239,9,1,2,1
"307",182,3,0.0948011084290694,9,1,3,1
"308",183,3,0.356277858802167,3,1,1,1
"309",183,3,0.426806624658099,3,1,2,1
"310",183,3,-0.57354304486153,3,1,3,1
"311",184,3,0.186571389290964,10,1,1,1
"312",184,3,0.29595047816927,10,1,2,1
"313",184,3,0.538177412506617,10,1,3,1
"314",185,3,0.398530926442417,1,1,1,1
"315",185,3,0.175569865618939,1,1,2,1
"316",185,3,-0.0168225300657519,1,1,3,1
"317",186,3,0.505653986929561,8,0,1,1
"318",186,3,0.259056915313267,8,0,2,1
"319",186,3,-1.70044009457416,8,0,3,0
"320",187,3,-0.276979411184596,9,1,1,1
"321",187,3,0.267156206982612,9,1,2,1
"322",187,3,0.52337378888706,9,1,3,1
"323",188,3,0.587173822588108,1,1,1,1
"324",188,3,0.398669545161311,1,1,2,1
"325",188,3,-0.259668799125919,1,1,3,1
"326",189,3,0.58737678933491,6,1,1,1
"327",189,3,0.513378244003047,6,1,2,1
"328",189,3,0.599360710990264,6,1,3,1
"329",190,3,-0.0558178580926922,4,1,1,1
"330",190,3,0.433906865706713,4,1,2,1
"331",190,3,0.520399253779205,4,1,3,1
"332",191,3,-0.491447145277421,2,0,1,1
"333",191,3,-0.479674811318158,2,0,2,1
"334",191,3,-1.88732347728501,2,0,3,0
"335",192,3,-0.638088419468004,5,1,1,1
"336",192,3,0.206517953752423,5,1,2,1
"337",192,3,-0.0688368077423034,5,1,3,1
"338",193,3,0.536838743864936,7,1,1,1
"339",193,3,0.408521746084892,7,1,2,1
"340",193,3,-0.42780892860899,7,1,3,1
"341",194,3,0.152048844574496,4,1,1,1
"342",194,3,-0.282432886225586,4,1,2,1
"343",194,3,0.633479217432305,4,1,3,1
"344",195,3,0.628250284541233,5,1,1,1
"345",195,3,0.665355742538992,5,1,2,1
"346",195,3,0.874312498992443,5,1,3,1
"347",196,3,0.0956397459885553,8,1,1,1
"348",196,3,-0.262177961581478,8,1,2,1
"349",196,3,-0.569746359617745,8,1,3,1
"350",197,3,0.234375095327064,9,1,1,1
"351",197,3,0.497111331133798,9,1,2,1
"352",197,3,1.41652715202606,9,1,3,1
"353",198,3,0.514627023428427,6,0,1,1
"354",198,3,0.533699677018421,6,0,2,1
"355",198,3,-2.01079728330376,6,0,3,0
"356",199,3,0.427144101639683,5,1,1,1
"357",199,3,0.439775094918947,5,1,2,1
"358",199,3,0.393196167980247,5,1,3,1
"359",200,3,0.198059643306884,6,0,1,1
"360",200,3,-0.275076725717412,6,0,2,1
"361",200,3,-1.69296703450093,6,0,3,0
"362",201,3,0.762512450225736,2,0,1,1
"363",201,3,0.137023370752814,2,0,2,1
"364",201,3,-1.27677914924418,2,0,3,0
"365",202,3,0.803823989651777,10,0,1,1
"366",202,3,-0.717827475300078,10,0,2,1
"367",202,3,-0.258752132304404,10,0,3,0
"368",203,3,1.40125600813333,6,0,1,1
"369",203,3,0.292634376019888,6,0,2,1
"370",203,3,-0.988506530130037,6,0,3,0
"371",204,3,0.789318932764346,5,0,1,1
"372",204,3,0.326373916409182,5,0,2,1
"373",204,3,-1.54980642708897,5,0,3,0
"374",205,3,0.637803301379688,10,1,1,1
"375",205,3,0.623201023888524,10,1,2,1
"376",205,3,-0.0409067631264689,10,1,3,1
"377",206,3,0.193621348218536,7,1,1,1
"378",206,3,0.46332508370916,7,1,2,1
"379",206,3,0.624397937148673,7,1,3,1
"380",207,3,0.0395779705920337,8,1,1,1
"381",207,3,0.634415296789218,8,1,2,1
"382",207,3,0.0018187275275595,8,1,3,1
"383",208,3,-0.181700735079154,5,1,1,1
"384",208,3,1.07089533115649,5,1,2,1
"385",208,3,0.592221901168032,5,1,3,1
"386",209,3,0.20819647545273,1,1,1,1
"387",209,3,0.397918175298891,1,1,2,1
"388",209,3,0.854887912100189,1,1,3,1
"389",210,3,0.810682975417796,10,1,1,1
"390",210,3,-0.172188117893571,10,1,2,1
"391",210,3,1.06235300253206,10,1,3,1
"392",211,3,0.150256608397493,9,1,1,1
"393",211,3,0.38496326208433,9,1,2,1
"394",211,3,0.766904595987414,9,1,3,1
"395",212,3,0.0253957062226626,4,1,1,1
"396",212,3,1.10777913573936,4,1,2,1
"397",212,3,0.689206239481887,4,1,3,1
"398",213,3,1.03893289386848,6,1,1,1
"399",213,3,0.264965259851344,6,1,2,1
"400",213,3,0.348764181740198,6,1,3,1
"401",214,3,0.0255972904346496,9,0,1,1
"402",214,3,0.288560918918574,9,0,2,1
"403",214,3,-1.96106673178651,9,0,3,0
"404",215,3,0.27272020096945,6,1,1,1
"405",215,3,-0.284559562104709,6,1,2,1
"406",215,3,0.890548344287452,6,1,3,1
"407",216,3,0.185900462331761,9,1,1,1
"408",216,3,0.311109625155734,9,1,2,1
"409",216,3,0.236450662277946,9,1,3,1
"410",217,3,0.0209928429941438,10,1,1,1
"411",217,3,0.341767019438854,10,1,2,1
"412",217,3,-0.109227391100246,10,1,3,1
"413",218,3,-0.340588616899363,4,1,1,1
"414",218,3,0.384980491008923,4,1,2,1
"415",218,3,-0.348312302631899,4,1,3,1
"416",219,3,0.0866271207512762,8,1,1,1
"417",219,3,0.574737089953927,8,1,2,1
"418",219,3,2.05603790894732,8,1,3,1
"419",220,3,0.525071962957273,10,1,1,1
"420",220,3,-0.0783614609118898,10,1,2,1
"421",220,3,0.557445694512656,10,1,3,1
"422",221,3,-0.462297447105846,2,1,1,1
"423",221,3,0.154265617906636,2,1,2,1
"424",221,3,-1.05232251610537,2,1,3,1
"425",222,3,0.666980504513635,3,1,1,1
"426",222,3,0.867878730840798,3,1,2,1
"427",222,3,-0.54629680235312,3,1,3,1
"428",223,3,-0.825799578983596,3,1,1,1
"429",223,3,-1.05462737475885,3,1,2,1
"430",223,3,1.41480045374119,3,1,3,1
"431",224,3,0.207593064701137,7,1,1,1
"432",224,3,0.540456172618286,7,1,2,1
"433",224,3,0.789851518178553,7,1,3,1
"434",225,3,-0.220025820157629,5,1,1,1
"435",225,3,-0.418424461580095,5,1,2,1
"436",225,3,0.207220460907216,5,1,3,1
"437",226,3,0.466194023786916,4,1,1,1
"438",226,3,0.3895401182316,4,1,2,1
"439",226,3,1.28344897169785,4,1,3,1
"440",227,3,1.3404678075455,6,0,1,1
"441",227,3,0.15926803576794,6,0,2,1
"442",227,3,-0.675980271306735,6,0,3,0
"443",228,4,0.0553460326184048,5,1,1,1
"444",228,4,0.582933637019643,5,1,2,1
"445",228,4,1.16905354886809,5,1,3,1
"446",228,4,-0.906257432300675,5,1,4,1
"447",229,4,0.511586061488157,6,1,1,1
"448",229,4,-0.365641713682931,6,1,2,1
"449",229,4,0.878180322824995,6,1,3,1
"450",229,4,1.55799683065723,6,1,4,1
"451",230,4,-0.133161712757052,5,0,1,1
"452",230,4,-0.110331571360403,5,0,2,1
"453",230,4,-0.311550786062664,5,0,3,1
"454",230,4,-1.92829827632174,5,0,4,0
"455",231,4,0.296429736147584,7,0,1,1
"456",231,4,-0.155496648510489,7,0,2,1
"457",231,4,-0.105086394791547,7,0,3,1
"458",231,4,-2.09214536874974,7,0,4,0
"459",232,4,0.0989017899796672,10,1,1,1
"460",232,4,0.730285045257386,10,1,2,1
"461",232,4,0.262037245618568,10,1,3,1
"462",232,4,0.513104666672426,10,1,4,1
"463",233,4,-0.644266054131348,9,0,1,1
"464",233,4,0.429541731060631,9,0,2,1
"465",233,4,0.648682290938188,9,0,3,1
"466",233,4,-0.703258559322731,9,0,4,0
"467",234,4,-0.207098219802939,4,1,1,1
"468",234,4,0.284731390883543,4,1,2,1
"469",234,4,0.291124335594721,4,1,3,1
"470",234,4,0.591991481138787,4,1,4,1
"471",235,4,0.577210148816463,1,1,1,1
"472",235,4,0.370305478438164,1,1,2,1
"473",235,4,0.672294217140239,1,1,3,1
"474",235,4,0.268326960319986,1,1,4,1
"475",236,4,1.23955594072736,2,1,1,1
"476",236,4,0.325091959920998,2,1,2,1
"477",236,4,0.814855763572339,2,1,3,1
"478",236,4,0.525668076421939,2,1,4,1
"479",237,4,0.173063730633851,10,1,1,1
"480",237,4,0.59888329724468,10,1,2,1
"481",237,4,-0.231937712273509,10,1,3,1
"482",237,4,-0.696154097031656,10,1,4,1
"483",238,4,0.0364566015739162,6,1,1,1
"484",238,4,0.117016130542292,6,1,2,1
"485",238,4,0.208593234015842,6,1,3,1
"486",238,4,1.46998155564608,6,1,4,1
"487",239,4,-0.880350479668432,7,1,1,1
"488",239,4,0.342014364238282,7,1,2,1
"489",239,4,0.191688058992109,7,1,3,1
"490",239,4,1.74040235713201,7,1,4,1
"491",240,4,0.248297594592698,10,1,1,1
"492",240,4,-0.21920585278625,10,1,2,1
"493",240,4,-0.0267145098551184,10,1,3,1
"494",240,4,1.18693033416044,10,1,4,1
"495",241,4,-0.276491951876106,6,1,1,1
"496",241,4,-0.214632546064195,6,1,2,1
"497",241,4,0.519176152437204,6,1,3,1
"498",241,4,-0.16829465906257,6,1,4,1
"499",242,4,-0.135516018034239,8,1,1,1
"500",242,4,1.00030846372435,8,1,2,1
"501",242,4,0.836850236336914,8,1,3,1
"502",242,4,0.635110808042284,8,1,4,1
"503",243,4,0.962003922017124,1,1,1,1
"504",243,4,0.459034223349486,1,1,2,1
"505",243,4,0.260432047618536,1,1,3,1
"506",243,4,0.54604863065157,1,1,4,1
"507",244,4,0.0686585569154034,3,1,1,1
"508",244,4,0.163162220161683,3,1,2,1
"509",244,4,0.692124831184608,3,1,3,1
"510",244,4,0.150807686767544,3,1,4,1
"511",245,4,0.262359928142212,9,0,1,1
"512",245,4,-0.757108999561507,9,0,2,1
"513",245,4,0.251518119744368,9,0,3,1
"514",245,4,-0.701589032293825,9,0,4,0
"515",246,4,-0.0772844642783579,6,1,1,1
"516",246,4,0.401187880316575,6,1,2,1
"517",246,4,0.111891676149951,6,1,3,1
"518",246,4,0.235509743213438,6,1,4,1
"519",247,4,0.455062705607175,2,1,1,1
"520",247,4,0.275806474882289,2,1,2,1
"521",247,4,0.809391958891997,2,1,3,1
"522",247,4,0.811229219715592,2,1,4,1
"523",248,4,0.05417763143197,10,1,1,1
"524",248,4,-0.100619052166733,10,1,2,1
"525",248,4,0.69698177540479,10,1,3,1
"526",248,4,-0.621035685116494,10,1,4,1
"527",249,4,0.0409823233608979,9,1,1,1
"528",249,4,-0.638071738596117,9,1,2,1
"529",249,4,1.05817522731613,9,1,3,1
"530",249,4,0.112412082940612,9,1,4,1
"531",250,4,1.0790933838443,4,0,1,1
"532",250,4,0.613712424089964,4,0,2,1
"533",250,4,1.18323898224415,4,0,3,1
"534",250,4,-1.02744415031057,4,0,4,0
"535",251,4,0.75616956825956,1,1,1,1
"536",251,4,-0.471186504057404,1,1,2,1
"537",251,4,-0.623418557143241,1,1,3,1
"538",251,4,-0.582939064153787,1,1,4,1
"539",252,4,0.957611195029334,2,1,1,1
"540",252,4,-0.2998068959682,2,1,2,1
"541",252,4,-0.0573954472391051,2,1,3,1
"542",252,4,0.532938962582998,2,1,4,1
"543",253,4,0.465416012279328,6,1,1,1
"544",253,4,0.502694418186276,6,1,2,1
"545",253,4,0.695878853732751,6,1,3,1
"546",253,4,0.397643541126639,6,1,4,1
"547",254,4,0.721246495657873,6,1,1,1
"548",254,4,-0.328454767472846,6,1,2,1
"549",254,4,0.267360844033268,6,1,3,1
"550",254,4,0.272260397479814,6,1,4,1
"551",255,4,0.393483183635446,9,1,1,1
"552",255,4,0.34535367445846,9,1,2,1
"553",255,4,-0.0151121139740404,9,1,3,1
"554",255,4,-0.493223244488946,9,1,4,1
"555",256,4,-0.561630916417428,3,1,1,1
"556",256,4,0.193521621411058,3,1,2,1
"557",256,4,-0.489468789235214,3,1,3,1
"558",256,4,0.125705034929734,3,1,4,1
"559",257,4,-0.168389681438591,10,1,1,1
"560",257,4,0.993652073629106,10,1,2,1
"561",257,4,0.19988707635304,10,1,3,1
"562",257,4,-0.432330771752033,10,1,4,1
"563",258,4,0.205541202967547,2,1,1,1
"564",258,4,0.696964144161777,2,1,2,1
"565",258,4,0.0305482070029403,2,1,3,1
"566",258,4,0.615332026516865,2,1,4,1
"567",259,4,0.396861127973581,8,1,1,1
"568",259,4,-0.0126796981527237,8,1,2,1
"569",259,4,0.10107785051442,8,1,3,1
"570",259,4,0.290795604920122,8,1,4,1
"571",260,4,-0.249870530148498,7,1,1,1
"572",260,4,-0.783628070349686,7,1,2,1
"573",260,4,0.601376601615634,7,1,3,1
"574",260,4,0.668569805349835,7,1,4,1
"575",261,4,-0.111167778897748,4,1,1,1
"576",261,4,0.43150113910053,4,1,2,1
"577",261,4,0.830185004430072,4,1,3,1
"578",261,4,0.325843598027627,4,1,4,1
"579",262,4,0.621724232325169,1,1,1,1
"580",262,4,0.122038713094463,1,1,2,1
"581",262,4,0.499406596374186,1,1,3,1
"582",262,4,0.149142866161065,1,1,4,1
"583",263,4,-0.000930067214362201,1,1,1,1
"584",263,4,-1.92539071818847,1,1,2,1
"585",263,4,-0.174170544798996,1,1,3,1
"586",263,4,-0.0611067973702519,1,1,4,1
"587",264,4,-0.448102306118435,5,1,1,1
"588",264,4,-0.177113739712922,5,1,2,1
"589",264,4,-0.767897243947432,5,1,3,1
"590",264,4,0.256678146877441,5,1,4,1
"591",265,4,0.749527826325559,1,1,1,1
"592",265,4,0.649123964336616,1,1,2,1
"593",265,4,0.41310088766179,1,1,3,1
"594",265,4,-1.40570506533562,1,1,4,1
"595",266,4,0.339391016077881,8,1,1,1
"596",266,4,0.498406077807038,8,1,2,1
"597",266,4,0.479841884898187,8,1,3,1
"598",266,4,-0.0582338203618495,8,1,4,1
"599",267,4,-0.118079833073368,4,1,1,1
"600",267,4,0.0860574532144665,4,1,2,1
"601",267,4,-0.041852267338909,4,1,3,1
"602",267,4,0.110265657972856,4,1,4,1
"603",268,4,0.371076055834057,4,1,1,1
"604",268,4,0.0707867674403129,4,1,2,1
"605",268,4,-0.0331123807866994,4,1,3,1
"606",268,4,-0.000129881303009755,4,1,4,1
"607",269,4,0.00578875478503907,3,1,1,1
"608",269,4,-0.094185087585935,3,1,2,1
"609",269,4,0.66230090546618,3,1,3,1
"610",269,4,-0.24995444641909,3,1,4,1
"611",270,4,0.113795803372009,3,1,1,1
"612",270,4,-0.129896988663648,3,1,2,1
"613",270,4,0.782701322689187,3,1,3,1
"614",270,4,-0.187314822906747,3,1,4,1
"615",271,4,0.621867235129809,5,1,1,1
"616",271,4,0.0568380241320436,5,1,2,1
"617",271,4,0.649890190281274,5,1,3,1
"618",271,4,-0.32305932294456,5,1,4,1
"619",272,4,0.426082500773934,5,0,1,1
"620",272,4,0.794585630848314,5,0,2,1
"621",272,4,0.435865826503333,5,0,3,1
"622",272,4,-0.911341827719715,5,0,4,0
"623",273,4,0.282590866866484,1,1,1,1
"624",273,4,0.31880300225774,1,1,2,1
"625",273,4,0.505116004560779,1,1,3,1
"626",273,4,-1.06732998729547,1,1,4,1
"627",274,4,0.600043040034568,4,0,1,1
"628",274,4,0.0514442406914852,4,0,2,1
"629",274,4,0.699248928282847,4,0,3,1
"630",274,4,-1.59144208979803,4,0,4,0
"631",275,4,-0.0435093480345752,7,1,1,1
"632",275,4,0.160501686856842,7,1,2,1
"633",275,4,0.743796724209612,7,1,3,1
"634",275,4,1.39682784900973,7,1,4,1
"635",276,4,-0.154280532722236,6,0,1,1
"636",276,4,0.220536211823353,6,0,2,1
"637",276,4,0.148628778332676,6,0,3,1
"638",276,4,-2.62862553651853,6,0,4,0
"639",277,4,-0.295331814720224,9,1,1,1
"640",277,4,0.832066985440577,9,1,2,1
"641",277,4,-0.386531180837895,9,1,3,1
"642",277,4,2.47564456761859,9,1,4,1
"643",278,4,1.09095719961257,4,1,1,1
"644",278,4,0.650928156231049,4,1,2,1
"645",278,4,-0.130823455770667,4,1,3,1
"646",278,4,-1.08680097962196,4,1,4,1
"647",279,4,0.570233247889312,10,1,1,1
"648",279,4,0.858267500481768,10,1,2,1
"649",279,4,0.476261647722443,10,1,3,1
"650",279,4,1.17917679429584,10,1,4,1
"651",280,4,-0.0813653763761018,2,1,1,1
"652",280,4,-0.750113692188489,2,1,2,1
"653",280,4,0.235676816106325,2,1,3,1
"654",280,4,-0.553964616587488,2,1,4,1
"655",281,4,0.346240902029106,9,1,1,1
"656",281,4,0.616767203902935,9,1,2,1
"657",281,4,-0.0812895354551651,9,1,3,1
"658",281,4,-0.378579245179397,9,1,4,1
"659",282,4,0.296704430471764,4,1,1,1
"660",282,4,0.829106305711653,4,1,2,1
"661",282,4,0.958789249031483,4,1,3,1
"662",282,4,-0.929327131234663,4,1,4,1
"663",283,4,0.899413299843531,1,1,1,1
"664",283,4,0.190925512419749,1,1,2,1
"665",283,4,-0.156240221973351,1,1,3,1
"666",283,4,0.719938671913305,1,1,4,1
"667",284,4,0.220964646664733,9,0,1,1
"668",284,4,0.44980822307522,9,0,2,1
"669",284,4,0.789757502178989,9,0,3,1
"670",284,4,-2.35021798290812,9,0,4,0
"671",285,4,-0.383441065421441,1,1,1,1
"672",285,4,0.781680003082739,1,1,2,1
"673",285,4,0.443747968227714,1,1,3,1
"674",285,4,-0.585407206982665,1,1,4,1
"675",286,4,-0.172504825455856,2,1,1,1
"676",286,4,0.398018511961904,2,1,2,1
"677",286,4,0.8083404921437,2,1,3,1
"678",286,4,-0.794003725625122,2,1,4,1
"679",287,4,-0.185759945963339,4,1,1,1
"680",287,4,0.223196542682464,4,1,2,1
"681",287,4,-0.0740543111779585,4,1,3,1
"682",287,4,1.25115252532609,4,1,4,1
"683",288,4,-0.378828638690058,3,1,1,1
"684",288,4,-0.0438610419791529,3,1,2,1
"685",288,4,0.436073226061628,3,1,3,1
"686",288,4,-0.42437767406311,3,1,4,1
"687",289,4,0.253794346878629,1,0,1,1
"688",289,4,0.286088118342856,1,0,2,1
"689",289,4,-0.550330403501292,1,0,3,1
"690",289,4,-2.10448438567898,1,0,4,0
"691",290,4,-0.161752618315342,2,1,1,1
"692",290,4,0.0132524198337032,2,1,2,1
"693",290,4,0.130191181518024,2,1,3,1
"694",290,4,0.525222395506208,2,1,4,1
"695",291,4,0.383590871726836,3,1,1,1
"696",291,4,-0.0778433828610192,3,1,2,1
"697",291,4,-0.464005215646127,3,1,3,1
"698",291,4,-0.611885003043071,3,1,4,1
"699",292,4,0.161100958018658,5,0,1,1
"700",292,4,0.0407241830538865,5,0,2,1
"701",292,4,0.839660162936365,5,0,3,1
"702",292,4,-1.42732667967936,5,0,4,0
"703",293,4,1.29513631069169,3,1,1,1
"704",293,4,-0.178522351808939,3,1,2,1
"705",293,4,0.349883825158366,3,1,3,1
"706",293,4,-0.137447275779013,3,1,4,1
"707",294,4,0.355328794654255,3,1,1,1
"708",294,4,1.10914317164077,3,1,2,1
"709",294,4,-0.419582718973567,3,1,3,1
"710",294,4,0.417798025506762,3,1,4,1
"711",295,4,0.233138976060102,5,1,1,1
"712",295,4,0.144207271419723,5,1,2,1
"713",295,4,1.49550925078168,5,1,3,1
"714",295,4,0.748320337569375,5,1,4,1
"715",296,4,0.261758475565735,5,1,1,1
"716",296,4,0.505413181592471,5,1,2,1
"717",296,4,0.333782658278938,5,1,3,1
"718",296,4,0.245348014885086,5,1,4,1
"719",297,4,0.571518864400604,8,1,1,1
"720",297,4,-0.133645402442049,8,1,2,1
"721",297,4,0.929149164741044,8,1,3,1
"722",297,4,-0.0938688476453884,8,1,4,1
"723",298,4,0.264477727379996,10,0,1,1
"724",298,4,-0.152547060193235,10,0,2,1
"725",298,4,1.17682635802774,10,0,3,1
"726",298,4,-1.50884550150675,10,0,4,0
"727",299,4,-0.193795298172404,6,1,1,1
"728",299,4,-0.577318513116081,6,1,2,1
"729",299,4,-0.237209879375105,6,1,3,1
"730",299,4,-0.170273820452251,6,1,4,1
"731",300,4,0.316264798366766,3,0,1,1
"732",300,4,0.770376313152344,3,0,2,1
"733",300,4,-0.935059950814066,3,0,3,1
"734",300,4,-1.05982611168697,3,0,4,0
