"","ID","interval","fate","predictor"
"1",4,6,0,13
"2",13,3,0,9
"3",19,5,0,6
"4",42,4,0,11
"5",43,5,0,14
"6",47,4,0,12
"7",49,4,0,6
"8",56,6,0,14
"9",67,2,0,7
"10",69,4,0,9
"11",75,3,0,8
"12",76,4,0,10
"13",82,4,0,9
"14",83,5,0,6
"15",88,4,0,9
"16",92,5,0,8
"17",95,6,0,6
"18",97,3,0,1
"19",103,3,0,8
"20",105,3,0,10
"21",115,4,0,6
"22",126,5,0,5
"23",140,4,0,5
"24",152,4,0,7
"25",160,6,0,5
"26",162,4,0,6
"27",163,5,0,2
"28",166,6,0,9
"29",171,6,0,5
"30",172,4,0,2
"31",173,4,0,6
"32",174,4,0,6
"33",176,4,0,4
"34",179,5,0,12
"35",196,3,0,7
"36",197,5,0,9
"37",198,3,0,11
"38",199,4,0,2
"39",200,4,0,11
"40",201,4,0,8
"41",204,4,0,8
"42",206,6,0,8
"43",218,3,0,4
"44",221,2,0,6
"45",233,3,0,5
"46",237,5,0,14
"47",242,5,0,9
"48",243,4,0,7
"49",248,4,0,9
"50",254,4,0,7
"51",255,5,0,6
"52",258,5,0,11
"53",277,2,0,14
"54",278,5,0,3
"55",279,3,0,4
"56",291,4,0,5
"57",293,4,0,8
"58",294,3,0,8
"59",296,4,0,4
"60",297,5,0,9
"61",298,5,0,9
"62",299,4,0,10
"63",302,3,0,5
"64",313,4,0,10
"65",314,3,0,11
"66",315,4,0,13
"67",319,3,0,7
"68",322,5,0,4
"69",339,4,0,4
"70",341,5,0,10
"71",342,3,0,8
"72",344,4,0,6
"73",345,2,0,12
"74",346,3,0,16
"75",349,5,0,11
"76",350,6,0,7
"77",356,5,0,7
"78",360,4,0,11
"79",364,4,0,9
"80",369,3,0,9
"81",375,3,0,8
"82",379,4,0,6
"83",382,5,0,11
"84",389,2,0,9
"85",394,4,0,8
"86",401,5,0,2
"87",402,6,0,10
"88",404,4,0,12
"89",405,4,0,9
"90",407,4,0,8
"91",411,4,0,7
"92",413,5,0,6
"93",414,3,0,8
"94",416,5,0,11
"95",421,5,0,12
"96",437,5,0,8
"97",438,4,0,9
"98",443,4,0,8
"99",453,3,0,9
"100",455,3,0,5
"101",456,4,0,7
"102",465,4,0,7
"103",467,3,0,8
"104",475,5,0,12
"105",479,5,0,9
"106",480,4,0,9
"107",486,6,0,4
"108",1,3,1,10
"109",2,4,1,9
"110",3,3,1,6
"111",5,4,1,10
"112",6,3,1,11
"113",7,4,1,10
"114",8,5,1,18
"115",9,5,1,8
"116",10,4,1,8
"117",11,6,1,12
"118",12,4,1,13
"119",14,2,1,12
"120",15,5,1,8
"121",16,4,1,11
"122",17,4,1,9
"123",18,5,1,15
"124",20,5,1,7
"125",21,5,1,13
"126",22,5,1,7
"127",23,4,1,10
"128",24,2,1,9
"129",25,5,1,8
"130",26,4,1,14
"131",27,4,1,10
"132",28,3,1,14
"133",29,4,1,6
"134",30,4,1,10
"135",31,5,1,6
"136",32,4,1,6
"137",33,4,1,8
"138",34,4,1,15
"139",35,3,1,7
"140",36,4,1,9
"141",37,4,1,10
"142",38,4,1,12
"143",39,5,1,11
"144",40,5,1,11
"145",41,4,1,10
"146",44,5,1,14
"147",45,3,1,9
"148",46,3,1,7
"149",48,5,1,12
"150",50,5,1,10
"151",51,4,1,14
"152",52,3,1,7
"153",53,4,1,6
"154",54,3,1,9
"155",55,5,1,9
"156",57,4,1,11
"157",58,3,1,11
"158",59,5,1,10
"159",60,4,1,12
"160",61,6,1,12
"161",62,4,1,12
"162",63,5,1,13
"163",64,4,1,14
"164",65,3,1,8
"165",66,4,1,9
"166",68,5,1,8
"167",70,6,1,12
"168",71,4,1,6
"169",72,3,1,6
"170",73,5,1,8
"171",74,3,1,12
"172",77,4,1,13
"173",78,4,1,11
"174",79,4,1,16
"175",80,3,1,18
"176",81,3,1,8
"177",84,2,1,9
"178",85,5,1,8
"179",86,4,1,6
"180",87,5,1,9
"181",89,4,1,11
"182",90,4,1,7
"183",91,3,1,8
"184",93,5,1,9
"185",94,5,1,7
"186",96,5,1,3
"187",98,3,1,11
"188",99,3,1,15
"189",100,4,1,12
"190",101,3,1,4
"191",102,4,1,14
"192",104,4,1,11
"193",106,6,1,11
"194",107,5,1,9
"195",108,5,1,13
"196",109,4,1,15
"197",110,6,1,16
"198",111,3,1,8
"199",112,4,1,5
"200",113,5,1,10
"201",114,3,1,8
"202",116,4,1,3
"203",117,4,1,9
"204",118,4,1,9
"205",119,4,1,9
"206",120,4,1,4
"207",121,3,1,14
"208",122,5,1,19
"209",123,4,1,14
"210",124,4,1,11
"211",125,4,1,9
"212",127,4,1,14
"213",128,4,1,8
"214",129,3,1,9
"215",130,4,1,13
"216",131,4,1,11
"217",132,3,1,12
"218",133,5,1,10
"219",134,2,1,12
"220",135,4,1,9
"221",136,2,1,4
"222",137,4,1,9
"223",138,3,1,10
"224",139,3,1,15
"225",141,2,1,10
"226",142,5,1,16
"227",143,2,1,12
"228",144,4,1,6
"229",145,3,1,11
"230",146,3,1,13
"231",147,6,1,7
"232",148,4,1,5
"233",149,3,1,5
"234",150,2,1,14
"235",151,4,1,8
"236",153,4,1,7
"237",154,3,1,8
"238",155,3,1,5
"239",156,3,1,11
"240",157,5,1,7
"241",158,3,1,7
"242",159,3,1,5
"243",161,4,1,13
"244",164,5,1,6
"245",165,3,1,8
"246",167,4,1,8
"247",168,3,1,10
"248",169,4,1,6
"249",170,4,1,13
"250",175,4,1,14
"251",177,5,1,6
"252",178,6,1,11
"253",180,5,1,7
"254",181,3,1,7
"255",182,5,1,10
"256",183,4,1,7
"257",184,3,1,11
"258",185,5,1,12
"259",186,4,1,9
"260",187,5,1,7
"261",188,3,1,12
"262",189,4,1,22
"263",190,3,1,8
"264",191,4,1,14
"265",192,4,1,15
"266",193,3,1,14
"267",194,5,1,14
"268",195,3,1,9
"269",202,6,1,6
"270",203,6,1,12
"271",205,2,1,13
"272",207,5,1,9
"273",208,5,1,9
"274",209,4,1,14
"275",210,5,1,7
"276",211,4,1,7
"277",212,4,1,7
"278",213,4,1,6
"279",214,3,1,7
"280",215,5,1,12
"281",216,6,1,11
"282",217,4,1,8
"283",219,5,1,8
"284",220,4,1,12
"285",222,4,1,6
"286",223,3,1,13
"287",224,4,1,12
"288",225,3,1,9
"289",226,6,1,13
"290",227,4,1,11
"291",228,2,1,14
"292",229,4,1,11
"293",230,4,1,13
"294",231,3,1,9
"295",232,1,1,13
"296",234,5,1,10
"297",235,4,1,9
"298",236,4,1,11
"299",238,3,1,10
"300",239,5,1,11
"301",240,4,1,13
"302",241,5,1,9
"303",244,3,1,9
"304",245,5,1,13
"305",246,2,1,16
"306",247,3,1,13
"307",249,4,1,13
"308",250,5,1,15
"309",251,4,1,16
"310",252,4,1,6
"311",253,4,1,1
"312",256,5,1,12
"313",257,2,1,14
"314",259,4,1,9
"315",260,4,1,6
"316",261,5,1,7
"317",262,4,1,8
"318",263,4,1,13
"319",264,5,1,7
"320",265,6,1,4
"321",266,4,1,11
"322",267,4,1,12
"323",268,3,1,5
"324",269,4,1,12
"325",270,3,1,16
"326",271,4,1,6
"327",272,4,1,9
"328",273,3,1,14
"329",274,7,1,10
"330",275,4,1,12
"331",276,5,1,9
"332",280,5,1,6
"333",281,4,1,13
"334",282,4,1,9
"335",283,5,1,9
"336",284,3,1,8
"337",285,3,1,13
"338",286,3,1,12
"339",287,3,1,4
"340",288,5,1,10
"341",289,4,1,5
"342",290,5,1,18
"343",292,4,1,5
"344",295,6,1,4
"345",300,4,1,4
"346",301,5,1,13
"347",303,6,1,10
"348",304,4,1,10
"349",305,6,1,10
"350",306,6,1,5
"351",307,4,1,11
"352",308,5,1,10
"353",309,3,1,8
"354",310,4,1,9
"355",311,5,1,9
"356",312,4,1,15
"357",316,5,1,10
"358",317,4,1,7
"359",318,4,1,17
"360",320,4,1,10
"361",321,5,1,6
"362",323,5,1,3
"363",324,2,1,13
"364",325,4,1,14
"365",326,4,1,16
"366",327,4,1,10
"367",328,4,1,7
"368",329,3,1,3
"369",330,5,1,12
"370",331,4,1,14
"371",332,2,1,8
"372",333,4,1,7
"373",334,5,1,6
"374",335,4,1,5
"375",336,5,1,12
"376",337,5,1,13
"377",338,4,1,7
"378",340,3,1,15
"379",343,4,1,12
"380",347,5,1,4
"381",348,4,1,10
"382",351,5,1,3
"383",352,5,1,11
"384",353,4,1,8
"385",354,4,1,8
"386",355,6,1,8
"387",357,3,1,10
"388",358,4,1,10
"389",359,2,1,12
"390",361,1,1,11
"391",362,5,1,8
"392",363,3,1,7
"393",365,4,1,10
"394",366,5,1,10
"395",367,5,1,11
"396",368,5,1,9
"397",370,3,1,9
"398",371,4,1,7
"399",372,4,1,7
"400",373,3,1,9
"401",374,4,1,14
"402",376,4,1,7
"403",377,4,1,14
"404",378,4,1,11
"405",380,6,1,10
"406",381,5,1,9
"407",383,3,1,7
"408",384,4,1,10
"409",385,5,1,9
"410",386,4,1,15
"411",387,2,1,8
"412",388,4,1,7
"413",390,3,1,10
"414",391,5,1,12
"415",392,5,1,7
"416",393,5,1,12
"417",395,4,1,10
"418",396,3,1,10
"419",397,6,1,9
"420",398,4,1,11
"421",399,3,1,14
"422",400,5,1,12
"423",403,3,1,9
"424",406,4,1,10
"425",408,4,1,5
"426",409,5,1,17
"427",410,3,1,11
"428",412,5,1,6
"429",415,3,1,7
"430",417,5,1,13
"431",418,4,1,16
"432",419,3,1,11
"433",420,6,1,4
"434",422,3,1,9
"435",423,4,1,10
"436",424,2,1,10
"437",425,5,1,12
"438",426,6,1,7
"439",427,2,1,7
"440",428,3,1,12
"441",429,3,1,8
"442",430,3,1,7
"443",431,2,1,7
"444",432,5,1,9
"445",433,2,1,6
"446",434,4,1,8
"447",435,5,1,11
"448",436,4,1,13
"449",439,3,1,9
"450",440,5,1,11
"451",441,4,1,10
"452",442,6,1,9
"453",444,5,1,10
"454",445,4,1,13
"455",446,1,1,11
"456",447,3,1,8
"457",448,4,1,14
"458",449,4,1,12
"459",450,2,1,9
"460",451,5,1,10
"461",452,3,1,15
"462",454,2,1,5
"463",457,5,1,11
"464",458,2,1,12
"465",459,3,1,6
"466",460,5,1,14
"467",461,4,1,7
"468",462,6,1,11
"469",463,5,1,11
"470",464,5,1,16
"471",466,4,1,10
"472",468,5,1,11
"473",469,5,1,10
"474",470,5,1,8
"475",471,3,1,12
"476",472,2,1,11
"477",473,4,1,10
"478",474,4,1,7
"479",476,3,1,9
"480",477,4,1,13
"481",478,4,1,11
"482",481,4,1,8
"483",482,3,1,9
"484",483,3,1,10
"485",484,4,1,13
"486",485,6,1,6
"487",487,4,1,8
"488",488,3,1,5
"489",489,2,1,9
"490",490,5,1,15
"491",491,3,1,9
"492",492,6,1,15
"493",493,3,1,4
"494",494,4,1,10
"495",495,8,1,9
"496",496,3,1,18
"497",497,4,1,22
"498",498,3,1,9
"499",499,4,1,10
"500",500,3,1,12
"501",1,1,1,5
"502",1,2,1,8
"503",2,1,1,10
"504",2,2,1,18
"505",2,3,1,10
"506",3,1,1,10
"507",3,2,1,9
"508",4,1,1,12
"509",4,2,1,15
"510",4,3,1,9
"511",4,4,1,11
"512",4,5,1,10
"513",5,1,1,6
"514",5,2,1,10
"515",5,3,1,10
"516",6,1,1,11
"517",6,2,1,16
"518",7,1,1,10
"519",7,2,1,10
"520",7,3,1,10
"521",8,1,1,6
"522",8,2,1,8
"523",8,3,1,11
"524",8,4,1,9
"525",9,1,1,12
"526",9,2,1,7
"527",9,3,1,8
"528",9,4,1,2
"529",10,1,1,4
"530",10,2,1,7
"531",10,3,1,12
"532",11,1,1,12
"533",11,2,1,12
"534",11,3,1,8
"535",11,4,1,15
"536",11,5,1,9
"537",12,1,1,9
"538",12,2,1,10
"539",12,3,1,15
"540",13,1,1,19
"541",13,2,1,9
"542",14,1,1,9
"543",15,1,1,15
"544",15,2,1,8
"545",15,3,1,12
"546",15,4,1,8
"547",16,1,1,6
"548",16,2,1,13
"549",16,3,1,8
"550",17,1,1,12
"551",17,2,1,10
"552",17,3,1,15
"553",18,1,1,12
"554",18,2,1,8
"555",18,3,1,9
"556",18,4,1,9
"557",19,1,1,3
"558",19,2,1,13
"559",19,3,1,6
"560",19,4,1,11
"561",20,1,1,10
"562",20,2,1,6
"563",20,3,1,9
"564",20,4,1,8
"565",21,1,1,6
"566",21,2,1,11
"567",21,3,1,7
"568",21,4,1,10
"569",22,1,1,12
"570",22,2,1,11
"571",22,3,1,11
"572",22,4,1,5
"573",23,1,1,6
"574",23,2,1,8
"575",23,3,1,9
"576",24,1,1,4
"577",25,1,1,7
"578",25,2,1,8
"579",25,3,1,12
"580",25,4,1,12
"581",26,1,1,7
"582",26,2,1,7
"583",26,3,1,14
"584",27,1,1,9
"585",27,2,1,7
"586",27,3,1,5
"587",28,1,1,15
"588",28,2,1,11
"589",29,1,1,6
"590",29,2,1,14
"591",29,3,1,7
"592",30,1,1,14
"593",30,2,1,3
"594",30,3,1,13
"595",31,1,1,12
"596",31,2,1,8
"597",31,3,1,7
"598",31,4,1,10
"599",32,1,1,9
"600",32,2,1,14
"601",32,3,1,13
"602",33,1,1,11
"603",33,2,1,8
"604",33,3,1,13
"605",34,1,1,12
"606",34,2,1,8
"607",34,3,1,8
"608",35,1,1,9
"609",35,2,1,9
"610",36,1,1,11
"611",36,2,1,10
"612",36,3,1,4
"613",37,1,1,19
"614",37,2,1,6
"615",37,3,1,11
"616",38,1,1,9
"617",38,2,1,15
"618",38,3,1,13
"619",39,1,1,12
"620",39,2,1,12
"621",39,3,1,13
"622",39,4,1,13
"623",40,1,1,9
"624",40,2,1,16
"625",40,3,1,9
"626",40,4,1,8
"627",41,1,1,12
"628",41,2,1,16
"629",41,3,1,9
"630",42,1,1,16
"631",42,2,1,7
"632",42,3,1,11
"633",43,1,1,11
"634",43,2,1,13
"635",43,3,1,6
"636",43,4,1,9
"637",44,1,1,10
"638",44,2,1,8
"639",44,3,1,17
"640",44,4,1,9
"641",45,1,1,9
"642",45,2,1,12
"643",46,1,1,14
"644",46,2,1,4
"645",47,1,1,11
"646",47,2,1,10
"647",47,3,1,10
"648",48,1,1,8
"649",48,2,1,14
"650",48,3,1,10
"651",48,4,1,14
"652",49,1,1,8
"653",49,2,1,9
"654",49,3,1,12
"655",50,1,1,13
"656",50,2,1,6
"657",50,3,1,7
"658",50,4,1,8
"659",51,1,1,12
"660",51,2,1,7
"661",51,3,1,12
"662",52,1,1,11
"663",52,2,1,6
"664",53,1,1,4
"665",53,2,1,9
"666",53,3,1,4
"667",54,1,1,8
"668",54,2,1,11
"669",55,1,1,7
"670",55,2,1,9
"671",55,3,1,9
"672",55,4,1,5
"673",56,1,1,5
"674",56,2,1,17
"675",56,3,1,14
"676",56,4,1,7
"677",56,5,1,10
"678",57,1,1,15
"679",57,2,1,6
"680",57,3,1,5
"681",58,1,1,9
"682",58,2,1,8
"683",59,1,1,11
"684",59,2,1,14
"685",59,3,1,14
"686",59,4,1,10
"687",60,1,1,7
"688",60,2,1,7
"689",60,3,1,8
"690",61,1,1,6
"691",61,2,1,15
"692",61,3,1,6
"693",61,4,1,6
"694",61,5,1,10
"695",62,1,1,11
"696",62,2,1,10
"697",62,3,1,9
"698",63,1,1,6
"699",63,2,1,16
"700",63,3,1,10
"701",63,4,1,9
"702",64,1,1,10
"703",64,2,1,13
"704",64,3,1,11
"705",65,1,1,13
"706",65,2,1,9
"707",66,1,1,11
"708",66,2,1,13
"709",66,3,1,21
"710",67,1,1,9
"711",68,1,1,7
"712",68,2,1,12
"713",68,3,1,8
"714",68,4,1,11
"715",69,1,1,7
"716",69,2,1,6
"717",69,3,1,10
"718",70,1,1,6
"719",70,2,1,7
"720",70,3,1,5
"721",70,4,1,11
"722",70,5,1,8
"723",71,1,1,14
"724",71,2,1,10
"725",71,3,1,10
"726",72,1,1,9
"727",72,2,1,9
"728",73,1,1,13
"729",73,2,1,5
"730",73,3,1,13
"731",73,4,1,7
"732",74,1,1,9
"733",74,2,1,5
"734",75,1,1,7
"735",75,2,1,13
"736",76,1,1,7
"737",76,2,1,13
"738",76,3,1,7
"739",77,1,1,13
"740",77,2,1,12
"741",77,3,1,15
"742",78,1,1,13
"743",78,2,1,10
"744",78,3,1,7
"745",79,1,1,9
"746",79,2,1,17
"747",79,3,1,7
"748",80,1,1,13
"749",80,2,1,6
"750",81,1,1,13
"751",81,2,1,8
"752",82,1,1,13
"753",82,2,1,10
"754",82,3,1,10
"755",83,1,1,9
"756",83,2,1,13
"757",83,3,1,8
"758",83,4,1,7
"759",84,1,1,7
"760",85,1,1,16
"761",85,2,1,7
"762",85,3,1,14
"763",85,4,1,10
"764",86,1,1,9
"765",86,2,1,8
"766",86,3,1,10
"767",87,1,1,12
"768",87,2,1,12
"769",87,3,1,13
"770",87,4,1,10
"771",88,1,1,13
"772",88,2,1,9
"773",88,3,1,12
"774",89,1,1,9
"775",89,2,1,7
"776",89,3,1,9
"777",90,1,1,13
"778",90,2,1,12
"779",90,3,1,13
"780",91,1,1,6
"781",91,2,1,6
"782",92,1,1,12
"783",92,2,1,12
"784",92,3,1,7
"785",92,4,1,10
"786",93,1,1,6
"787",93,2,1,10
"788",93,3,1,13
"789",93,4,1,9
"790",94,1,1,10
"791",94,2,1,6
"792",94,3,1,7
"793",94,4,1,6
"794",95,1,1,11
"795",95,2,1,11
"796",95,3,1,6
"797",95,4,1,10
"798",95,5,1,8
"799",96,1,1,12
"800",96,2,1,8
"801",96,3,1,9
"802",96,4,1,10
"803",97,1,1,13
"804",97,2,1,14
"805",98,1,1,14
"806",98,2,1,13
"807",99,1,1,11
"808",99,2,1,15
"809",100,1,1,16
"810",100,2,1,14
"811",100,3,1,9
"812",101,1,1,6
"813",101,2,1,10
"814",102,1,1,8
"815",102,2,1,9
"816",102,3,1,9
"817",103,1,1,7
"818",103,2,1,13
"819",104,1,1,12
"820",104,2,1,10
"821",104,3,1,16
"822",105,1,1,9
"823",105,2,1,14
"824",106,1,1,14
"825",106,2,1,10
"826",106,3,1,16
"827",106,4,1,17
"828",106,5,1,9
"829",107,1,1,10
"830",107,2,1,14
"831",107,3,1,15
"832",107,4,1,6
"833",108,1,1,10
"834",108,2,1,10
"835",108,3,1,10
"836",108,4,1,8
"837",109,1,1,10
"838",109,2,1,14
"839",109,3,1,12
"840",110,1,1,14
"841",110,2,1,9
"842",110,3,1,11
"843",110,4,1,11
"844",110,5,1,7
"845",111,1,1,10
"846",111,2,1,12
"847",112,1,1,9
"848",112,2,1,9
"849",112,3,1,4
"850",113,1,1,17
"851",113,2,1,11
"852",113,3,1,11
"853",113,4,1,10
"854",114,1,1,11
"855",114,2,1,8
"856",115,1,1,4
"857",115,2,1,8
"858",115,3,1,10
"859",116,1,1,10
"860",116,2,1,12
"861",116,3,1,11
"862",117,1,1,12
"863",117,2,1,10
"864",117,3,1,7
"865",118,1,1,9
"866",118,2,1,5
"867",118,3,1,8
"868",119,1,1,13
"869",119,2,1,14
"870",119,3,1,10
"871",120,1,1,8
"872",120,2,1,15
"873",120,3,1,10
"874",121,1,1,9
"875",121,2,1,9
"876",122,1,1,14
"877",122,2,1,8
"878",122,3,1,15
"879",122,4,1,6
"880",123,1,1,14
"881",123,2,1,9
"882",123,3,1,11
"883",124,1,1,4
"884",124,2,1,6
"885",124,3,1,10
"886",125,1,1,9
"887",125,2,1,9
"888",125,3,1,9
"889",126,1,1,13
"890",126,2,1,9
"891",126,3,1,15
"892",126,4,1,3
"893",127,1,1,8
"894",127,2,1,5
"895",127,3,1,7
"896",128,1,1,9
"897",128,2,1,8
"898",128,3,1,9
"899",129,1,1,15
"900",129,2,1,13
"901",130,1,1,14
"902",130,2,1,8
"903",130,3,1,9
"904",131,1,1,15
"905",131,2,1,10
"906",131,3,1,13
"907",132,1,1,11
"908",132,2,1,9
"909",133,1,1,9
"910",133,2,1,16
"911",133,3,1,6
"912",133,4,1,8
"913",134,1,1,10
"914",135,1,1,14
"915",135,2,1,10
"916",135,3,1,12
"917",136,1,1,15
"918",137,1,1,10
"919",137,2,1,6
"920",137,3,1,10
"921",138,1,1,16
"922",138,2,1,13
"923",139,1,1,13
"924",139,2,1,10
"925",140,1,1,14
"926",140,2,1,10
"927",140,3,1,14
"928",141,1,1,9
"929",142,1,1,9
"930",142,2,1,12
"931",142,3,1,11
"932",142,4,1,10
"933",143,1,1,12
"934",144,1,1,13
"935",144,2,1,4
"936",144,3,1,12
"937",145,1,1,6
"938",145,2,1,8
"939",146,1,1,7
"940",146,2,1,9
"941",147,1,1,10
"942",147,2,1,6
"943",147,3,1,15
"944",147,4,1,16
"945",147,5,1,8
"946",148,1,1,18
"947",148,2,1,9
"948",148,3,1,7
"949",149,1,1,12
"950",149,2,1,10
"951",150,1,1,12
"952",151,1,1,11
"953",151,2,1,11
"954",151,3,1,12
"955",152,1,1,15
"956",152,2,1,14
"957",152,3,1,7
"958",153,1,1,10
"959",153,2,1,10
"960",153,3,1,11
"961",154,1,1,5
"962",154,2,1,8
"963",155,1,1,9
"964",155,2,1,4
"965",156,1,1,10
"966",156,2,1,9
"967",157,1,1,10
"968",157,2,1,15
"969",157,3,1,13
"970",157,4,1,5
"971",158,1,1,13
"972",158,2,1,10
"973",159,1,1,10
"974",159,2,1,12
"975",160,1,1,13
"976",160,2,1,7
"977",160,3,1,8
"978",160,4,1,12
"979",160,5,1,13
"980",161,1,1,12
"981",161,2,1,9
"982",161,3,1,3
"983",162,1,1,6
"984",162,2,1,15
"985",162,3,1,14
"986",163,1,1,11
"987",163,2,1,13
"988",163,3,1,12
"989",163,4,1,12
"990",164,1,1,12
"991",164,2,1,14
"992",164,3,1,12
"993",164,4,1,12
"994",165,1,1,12
"995",165,2,1,8
"996",166,1,1,14
"997",166,2,1,6
"998",166,3,1,16
"999",166,4,1,4
"1000",166,5,1,13
"1001",167,1,1,9
"1002",167,2,1,13
"1003",167,3,1,11
"1004",168,1,1,13
"1005",168,2,1,10
"1006",169,1,1,10
"1007",169,2,1,16
"1008",169,3,1,10
"1009",170,1,1,10
"1010",170,2,1,13
"1011",170,3,1,9
"1012",171,1,1,12
"1013",171,2,1,13
"1014",171,3,1,7
"1015",171,4,1,5
"1016",171,5,1,2
"1017",172,1,1,8
"1018",172,2,1,16
"1019",172,3,1,10
"1020",173,1,1,15
"1021",173,2,1,9
"1022",173,3,1,11
"1023",174,1,1,7
"1024",174,2,1,7
"1025",174,3,1,13
"1026",175,1,1,11
"1027",175,2,1,10
"1028",175,3,1,14
"1029",176,1,1,11
"1030",176,2,1,6
"1031",176,3,1,8
"1032",177,1,1,5
"1033",177,2,1,4
"1034",177,3,1,10
"1035",177,4,1,8
"1036",178,1,1,4
"1037",178,2,1,15
"1038",178,3,1,12
"1039",178,4,1,11
"1040",178,5,1,18
"1041",179,1,1,19
"1042",179,2,1,17
"1043",179,3,1,13
"1044",179,4,1,14
"1045",180,1,1,10
"1046",180,2,1,7
"1047",180,3,1,13
"1048",180,4,1,8
"1049",181,1,1,9
"1050",181,2,1,10
"1051",182,1,1,10
"1052",182,2,1,8
"1053",182,3,1,14
"1054",182,4,1,9
"1055",183,1,1,8
"1056",183,2,1,12
"1057",183,3,1,17
"1058",184,1,1,11
"1059",184,2,1,15
"1060",185,1,1,11
"1061",185,2,1,4
"1062",185,3,1,10
"1063",185,4,1,14
"1064",186,1,1,13
"1065",186,2,1,7
"1066",186,3,1,8
"1067",187,1,1,9
"1068",187,2,1,10
"1069",187,3,1,6
"1070",187,4,1,12
"1071",188,1,1,10
"1072",188,2,1,5
"1073",189,1,1,9
"1074",189,2,1,5
"1075",189,3,1,9
"1076",190,1,1,6
"1077",190,2,1,10
"1078",191,1,1,8
"1079",191,2,1,12
"1080",191,3,1,13
"1081",192,1,1,16
"1082",192,2,1,9
"1083",192,3,1,6
"1084",193,1,1,7
"1085",193,2,1,10
"1086",194,1,1,8
"1087",194,2,1,12
"1088",194,3,1,15
"1089",194,4,1,7
"1090",195,1,1,9
"1091",195,2,1,9
"1092",196,1,1,9
"1093",196,2,1,12
"1094",197,1,1,10
"1095",197,2,1,14
"1096",197,3,1,10
"1097",197,4,1,10
"1098",198,1,1,9
"1099",198,2,1,8
"1100",199,1,1,10
"1101",199,2,1,13
"1102",199,3,1,12
"1103",200,1,1,13
"1104",200,2,1,15
"1105",200,3,1,11
"1106",201,1,1,14
"1107",201,2,1,9
"1108",201,3,1,6
"1109",202,1,1,8
"1110",202,2,1,15
"1111",202,3,1,13
"1112",202,4,1,17
"1113",202,5,1,8
"1114",203,1,1,11
"1115",203,2,1,8
"1116",203,3,1,19
"1117",203,4,1,6
"1118",203,5,1,7
"1119",204,1,1,12
"1120",204,2,1,13
"1121",204,3,1,11
"1122",205,1,1,11
"1123",206,1,1,7
"1124",206,2,1,12
"1125",206,3,1,9
"1126",206,4,1,13
"1127",206,5,1,10
"1128",207,1,1,6
"1129",207,2,1,13
"1130",207,3,1,7
"1131",207,4,1,12
"1132",208,1,1,9
"1133",208,2,1,9
"1134",208,3,1,13
"1135",208,4,1,17
"1136",209,1,1,14
"1137",209,2,1,13
"1138",209,3,1,6
"1139",210,1,1,8
"1140",210,2,1,8
"1141",210,3,1,4
"1142",210,4,1,8
"1143",211,1,1,12
"1144",211,2,1,8
"1145",211,3,1,7
"1146",212,1,1,13
"1147",212,2,1,17
"1148",212,3,1,8
"1149",213,1,1,13
"1150",213,2,1,12
"1151",213,3,1,10
"1152",214,1,1,6
"1153",214,2,1,11
"1154",215,1,1,9
"1155",215,2,1,6
"1156",215,3,1,11
"1157",215,4,1,9
"1158",216,1,1,12
"1159",216,2,1,2
"1160",216,3,1,16
"1161",216,4,1,12
"1162",216,5,1,10
"1163",217,1,1,2
"1164",217,2,1,10
"1165",217,3,1,16
"1166",218,1,1,7
"1167",218,2,1,16
"1168",219,1,1,13
"1169",219,2,1,11
"1170",219,3,1,8
"1171",219,4,1,9
"1172",220,1,1,19
"1173",220,2,1,8
"1174",220,3,1,8
"1175",221,1,1,8
"1176",222,1,1,6
"1177",222,2,1,10
"1178",222,3,1,3
"1179",223,1,1,5
"1180",223,2,1,13
"1181",224,1,1,9
"1182",224,2,1,12
"1183",224,3,1,17
"1184",225,1,1,8
"1185",225,2,1,8
"1186",226,1,1,7
"1187",226,2,1,8
"1188",226,3,1,11
"1189",226,4,1,8
"1190",226,5,1,11
"1191",227,1,1,6
"1192",227,2,1,9
"1193",227,3,1,7
"1194",228,1,1,11
"1195",229,1,1,10
"1196",229,2,1,7
"1197",229,3,1,8
"1198",230,1,1,12
"1199",230,2,1,10
"1200",230,3,1,8
"1201",231,1,1,8
"1202",231,2,1,11
"1203",233,1,1,14
"1204",233,2,1,8
"1205",234,1,1,11
"1206",234,2,1,10
"1207",234,3,1,6
"1208",234,4,1,8
"1209",235,1,1,13
"1210",235,2,1,9
"1211",235,3,1,7
"1212",236,1,1,11
"1213",236,2,1,9
"1214",236,3,1,8
"1215",237,1,1,7
"1216",237,2,1,6
"1217",237,3,1,11
"1218",237,4,1,9
"1219",238,1,1,6
"1220",238,2,1,12
"1221",239,1,1,6
"1222",239,2,1,12
"1223",239,3,1,9
"1224",239,4,1,16
"1225",240,1,1,12
"1226",240,2,1,15
"1227",240,3,1,11
"1228",241,1,1,12
"1229",241,2,1,11
"1230",241,3,1,8
"1231",241,4,1,12
"1232",242,1,1,9
"1233",242,2,1,13
"1234",242,3,1,7
"1235",242,4,1,6
"1236",243,1,1,7
"1237",243,2,1,9
"1238",243,3,1,9
"1239",244,1,1,11
"1240",244,2,1,7
"1241",245,1,1,9
"1242",245,2,1,7
"1243",245,3,1,11
"1244",245,4,1,13
"1245",246,1,1,16
"1246",247,1,1,12
"1247",247,2,1,15
"1248",248,1,1,7
"1249",248,2,1,17
"1250",248,3,1,12
"1251",249,1,1,12
"1252",249,2,1,20
"1253",249,3,1,8
"1254",250,1,1,9
"1255",250,2,1,15
"1256",250,3,1,13
"1257",250,4,1,17
"1258",251,1,1,9
"1259",251,2,1,9
"1260",251,3,1,9
"1261",252,1,1,15
"1262",252,2,1,7
"1263",252,3,1,15
"1264",253,1,1,9
"1265",253,2,1,15
"1266",253,3,1,12
"1267",254,1,1,12
"1268",254,2,1,15
"1269",254,3,1,15
"1270",255,1,1,9
"1271",255,2,1,6
"1272",255,3,1,5
"1273",255,4,1,14
"1274",256,1,1,8
"1275",256,2,1,8
"1276",256,3,1,6
"1277",256,4,1,6
"1278",257,1,1,11
"1279",258,1,1,9
"1280",258,2,1,12
"1281",258,3,1,13
"1282",258,4,1,8
"1283",259,1,1,8
"1284",259,2,1,9
"1285",259,3,1,7
"1286",260,1,1,8
"1287",260,2,1,13
"1288",260,3,1,12
"1289",261,1,1,11
"1290",261,2,1,11
"1291",261,3,1,11
"1292",261,4,1,9
"1293",262,1,1,11
"1294",262,2,1,10
"1295",262,3,1,12
"1296",263,1,1,9
"1297",263,2,1,7
"1298",263,3,1,11
"1299",264,1,1,13
"1300",264,2,1,7
"1301",264,3,1,9
"1302",264,4,1,7
"1303",265,1,1,7
"1304",265,2,1,10
"1305",265,3,1,6
"1306",265,4,1,6
"1307",265,5,1,16
"1308",266,1,1,14
"1309",266,2,1,10
"1310",266,3,1,7
"1311",267,1,1,11
"1312",267,2,1,12
"1313",267,3,1,8
"1314",268,1,1,15
"1315",268,2,1,13
"1316",269,1,1,11
"1317",269,2,1,4
"1318",269,3,1,11
"1319",270,1,1,4
"1320",270,2,1,12
"1321",271,1,1,6
"1322",271,2,1,17
"1323",271,3,1,13
"1324",272,1,1,10
"1325",272,2,1,8
"1326",272,3,1,12
"1327",273,1,1,5
"1328",273,2,1,9
"1329",274,1,1,11
"1330",274,2,1,11
"1331",274,3,1,14
"1332",274,4,1,15
"1333",274,5,1,6
"1334",274,6,1,4
"1335",275,1,1,7
"1336",275,2,1,9
"1337",275,3,1,7
"1338",276,1,1,9
"1339",276,2,1,13
"1340",276,3,1,12
"1341",276,4,1,9
"1342",277,1,1,9
"1343",278,1,1,7
"1344",278,2,1,12
"1345",278,3,1,14
"1346",278,4,1,8
"1347",279,1,1,7
"1348",279,2,1,10
"1349",280,1,1,5
"1350",280,2,1,9
"1351",280,3,1,15
"1352",280,4,1,15
"1353",281,1,1,9
"1354",281,2,1,8
"1355",281,3,1,16
"1356",282,1,1,5
"1357",282,2,1,10
"1358",282,3,1,5
"1359",283,1,1,11
"1360",283,2,1,8
"1361",283,3,1,12
"1362",283,4,1,17
"1363",284,1,1,12
"1364",284,2,1,15
"1365",285,1,1,6
"1366",285,2,1,12
"1367",286,1,1,4
"1368",286,2,1,7
"1369",287,1,1,9
"1370",287,2,1,18
"1371",288,1,1,14
"1372",288,2,1,9
"1373",288,3,1,10
"1374",288,4,1,7
"1375",289,1,1,12
"1376",289,2,1,14
"1377",289,3,1,8
"1378",290,1,1,13
"1379",290,2,1,12
"1380",290,3,1,10
"1381",290,4,1,9
"1382",291,1,1,7
"1383",291,2,1,8
"1384",291,3,1,10
"1385",292,1,1,13
"1386",292,2,1,16
"1387",292,3,1,11
"1388",293,1,1,14
"1389",293,2,1,9
"1390",293,3,1,9
"1391",294,1,1,17
"1392",294,2,1,8
"1393",295,1,1,14
"1394",295,2,1,10
"1395",295,3,1,9
"1396",295,4,1,11
"1397",295,5,1,6
"1398",296,1,1,8
"1399",296,2,1,12
"1400",296,3,1,13
"1401",297,1,1,10
"1402",297,2,1,12
"1403",297,3,1,14
"1404",297,4,1,8
"1405",298,1,1,8
"1406",298,2,1,9
"1407",298,3,1,13
"1408",298,4,1,7
"1409",299,1,1,11
"1410",299,2,1,8
"1411",299,3,1,8
"1412",300,1,1,12
"1413",300,2,1,14
"1414",300,3,1,5
"1415",301,1,1,4
"1416",301,2,1,10
"1417",301,3,1,14
"1418",301,4,1,11
"1419",302,1,1,9
"1420",302,2,1,8
"1421",303,1,1,12
"1422",303,2,1,18
"1423",303,3,1,7
"1424",303,4,1,17
"1425",303,5,1,18
"1426",304,1,1,12
"1427",304,2,1,9
"1428",304,3,1,16
"1429",305,1,1,13
"1430",305,2,1,13
"1431",305,3,1,9
"1432",305,4,1,10
"1433",305,5,1,13
"1434",306,1,1,7
"1435",306,2,1,10
"1436",306,3,1,16
"1437",306,4,1,7
"1438",306,5,1,6
"1439",307,1,1,10
"1440",307,2,1,12
"1441",307,3,1,10
"1442",308,1,1,11
"1443",308,2,1,11
"1444",308,3,1,4
"1445",308,4,1,10
"1446",309,1,1,9
"1447",309,2,1,9
"1448",310,1,1,14
"1449",310,2,1,13
"1450",310,3,1,14
"1451",311,1,1,11
"1452",311,2,1,10
"1453",311,3,1,11
"1454",311,4,1,10
"1455",312,1,1,6
"1456",312,2,1,9
"1457",312,3,1,15
"1458",313,1,1,11
"1459",313,2,1,9
"1460",313,3,1,9
"1461",314,1,1,9
"1462",314,2,1,14
"1463",315,1,1,8
"1464",315,2,1,7
"1465",315,3,1,16
"1466",316,1,1,12
"1467",316,2,1,4
"1468",316,3,1,11
"1469",316,4,1,9
"1470",317,1,1,7
"1471",317,2,1,9
"1472",317,3,1,6
"1473",318,1,1,7
"1474",318,2,1,7
"1475",318,3,1,16
"1476",319,1,1,15
"1477",319,2,1,7
"1478",320,1,1,8
"1479",320,2,1,9
"1480",320,3,1,13
"1481",321,1,1,10
"1482",321,2,1,10
"1483",321,3,1,15
"1484",321,4,1,12
"1485",322,1,1,13
"1486",322,2,1,15
"1487",322,3,1,9
"1488",322,4,1,9
"1489",323,1,1,10
"1490",323,2,1,11
"1491",323,3,1,8
"1492",323,4,1,10
"1493",324,1,1,7
"1494",325,1,1,10
"1495",325,2,1,11
"1496",325,3,1,10
"1497",326,1,1,14
"1498",326,2,1,12
"1499",326,3,1,11
"1500",327,1,1,5
"1501",327,2,1,10
"1502",327,3,1,10
"1503",328,1,1,17
"1504",328,2,1,8
"1505",328,3,1,7
"1506",329,1,1,12
"1507",329,2,1,10
"1508",330,1,1,9
"1509",330,2,1,10
"1510",330,3,1,10
"1511",330,4,1,10
"1512",331,1,1,10
"1513",331,2,1,9
"1514",331,3,1,12
"1515",332,1,1,15
"1516",333,1,1,9
"1517",333,2,1,10
"1518",333,3,1,11
"1519",334,1,1,10
"1520",334,2,1,8
"1521",334,3,1,12
"1522",334,4,1,15
"1523",335,1,1,12
"1524",335,2,1,11
"1525",335,3,1,6
"1526",336,1,1,5
"1527",336,2,1,10
"1528",336,3,1,6
"1529",336,4,1,15
"1530",337,1,1,6
"1531",337,2,1,14
"1532",337,3,1,6
"1533",337,4,1,14
"1534",338,1,1,11
"1535",338,2,1,10
"1536",338,3,1,15
"1537",339,1,1,11
"1538",339,2,1,12
"1539",339,3,1,10
"1540",340,1,1,9
"1541",340,2,1,7
"1542",341,1,1,7
"1543",341,2,1,10
"1544",341,3,1,15
"1545",341,4,1,13
"1546",342,1,1,8
"1547",342,2,1,12
"1548",343,1,1,6
"1549",343,2,1,8
"1550",343,3,1,13
"1551",344,1,1,7
"1552",344,2,1,7
"1553",344,3,1,14
"1554",345,1,1,9
"1555",346,1,1,9
"1556",346,2,1,8
"1557",347,1,1,6
"1558",347,2,1,6
"1559",347,3,1,16
"1560",347,4,1,5
"1561",348,1,1,11
"1562",348,2,1,9
"1563",348,3,1,9
"1564",349,1,1,13
"1565",349,2,1,14
"1566",349,3,1,12
"1567",349,4,1,8
"1568",350,1,1,13
"1569",350,2,1,7
"1570",350,3,1,9
"1571",350,4,1,13
"1572",350,5,1,12
"1573",351,1,1,17
"1574",351,2,1,8
"1575",351,3,1,10
"1576",351,4,1,12
"1577",352,1,1,11
"1578",352,2,1,9
"1579",352,3,1,10
"1580",352,4,1,17
"1581",353,1,1,12
"1582",353,2,1,9
"1583",353,3,1,14
"1584",354,1,1,10
"1585",354,2,1,6
"1586",354,3,1,8
"1587",355,1,1,9
"1588",355,2,1,7
"1589",355,3,1,8
"1590",355,4,1,14
"1591",355,5,1,6
"1592",356,1,1,10
"1593",356,2,1,4
"1594",356,3,1,4
"1595",356,4,1,14
"1596",357,1,1,8
"1597",357,2,1,14
"1598",358,1,1,14
"1599",358,2,1,12
"1600",358,3,1,15
"1601",359,1,1,13
"1602",360,1,1,11
"1603",360,2,1,3
"1604",360,3,1,8
"1605",362,1,1,14
"1606",362,2,1,7
"1607",362,3,1,6
"1608",362,4,1,11
"1609",363,1,1,12
"1610",363,2,1,10
"1611",364,1,1,8
"1612",364,2,1,13
"1613",364,3,1,13
"1614",365,1,1,9
"1615",365,2,1,7
"1616",365,3,1,9
"1617",366,1,1,12
"1618",366,2,1,8
"1619",366,3,1,12
"1620",366,4,1,7
"1621",367,1,1,9
"1622",367,2,1,10
"1623",367,3,1,7
"1624",367,4,1,9
"1625",368,1,1,13
"1626",368,2,1,11
"1627",368,3,1,8
"1628",368,4,1,10
"1629",369,1,1,11
"1630",369,2,1,7
"1631",370,1,1,7
"1632",370,2,1,7
"1633",371,1,1,12
"1634",371,2,1,9
"1635",371,3,1,7
"1636",372,1,1,6
"1637",372,2,1,11
"1638",372,3,1,10
"1639",373,1,1,13
"1640",373,2,1,8
"1641",374,1,1,12
"1642",374,2,1,6
"1643",374,3,1,9
"1644",375,1,1,9
"1645",375,2,1,9
"1646",376,1,1,10
"1647",376,2,1,10
"1648",376,3,1,11
"1649",377,1,1,6
"1650",377,2,1,10
"1651",377,3,1,9
"1652",378,1,1,11
"1653",378,2,1,6
"1654",378,3,1,9
"1655",379,1,1,3
"1656",379,2,1,10
"1657",379,3,1,6
"1658",380,1,1,10
"1659",380,2,1,7
"1660",380,3,1,16
"1661",380,4,1,10
"1662",380,5,1,8
"1663",381,1,1,9
"1664",381,2,1,8
"1665",381,3,1,9
"1666",381,4,1,9
"1667",382,1,1,8
"1668",382,2,1,7
"1669",382,3,1,15
"1670",382,4,1,14
"1671",383,1,1,14
"1672",383,2,1,9
"1673",384,1,1,10
"1674",384,2,1,8
"1675",384,3,1,10
"1676",385,1,1,13
"1677",385,2,1,13
"1678",385,3,1,9
"1679",385,4,1,5
"1680",386,1,1,10
"1681",386,2,1,10
"1682",386,3,1,6
"1683",387,1,1,10
"1684",388,1,1,13
"1685",388,2,1,8
"1686",388,3,1,15
"1687",389,1,1,16
"1688",390,1,1,12
"1689",390,2,1,12
"1690",391,1,1,10
"1691",391,2,1,10
"1692",391,3,1,14
"1693",391,4,1,12
"1694",392,1,1,10
"1695",392,2,1,11
"1696",392,3,1,15
"1697",392,4,1,10
"1698",393,1,1,12
"1699",393,2,1,11
"1700",393,3,1,12
"1701",393,4,1,12
"1702",394,1,1,13
"1703",394,2,1,11
"1704",394,3,1,7
"1705",395,1,1,10
"1706",395,2,1,10
"1707",395,3,1,13
"1708",396,1,1,10
"1709",396,2,1,11
"1710",397,1,1,8
"1711",397,2,1,7
"1712",397,3,1,6
"1713",397,4,1,12
"1714",397,5,1,7
"1715",398,1,1,12
"1716",398,2,1,9
"1717",398,3,1,9
"1718",399,1,1,7
"1719",399,2,1,8
"1720",400,1,1,15
"1721",400,2,1,12
"1722",400,3,1,7
"1723",400,4,1,6
"1724",401,1,1,13
"1725",401,2,1,12
"1726",401,3,1,13
"1727",401,4,1,16
"1728",402,1,1,9
"1729",402,2,1,10
"1730",402,3,1,13
"1731",402,4,1,10
"1732",402,5,1,10
"1733",403,1,1,14
"1734",403,2,1,12
"1735",404,1,1,10
"1736",404,2,1,4
"1737",404,3,1,12
"1738",405,1,1,10
"1739",405,2,1,9
"1740",405,3,1,7
"1741",406,1,1,8
"1742",406,2,1,9
"1743",406,3,1,9
"1744",407,1,1,6
"1745",407,2,1,10
"1746",407,3,1,11
"1747",408,1,1,8
"1748",408,2,1,8
"1749",408,3,1,15
"1750",409,1,1,11
"1751",409,2,1,10
"1752",409,3,1,15
"1753",409,4,1,7
"1754",410,1,1,15
"1755",410,2,1,10
"1756",411,1,1,12
"1757",411,2,1,11
"1758",411,3,1,9
"1759",412,1,1,12
"1760",412,2,1,13
"1761",412,3,1,14
"1762",412,4,1,11
"1763",413,1,1,10
"1764",413,2,1,9
"1765",413,3,1,10
"1766",413,4,1,11
"1767",414,1,1,14
"1768",414,2,1,13
"1769",415,1,1,9
"1770",415,2,1,9
"1771",416,1,1,12
"1772",416,2,1,8
"1773",416,3,1,16
"1774",416,4,1,11
"1775",417,1,1,9
"1776",417,2,1,6
"1777",417,3,1,11
"1778",417,4,1,8
"1779",418,1,1,7
"1780",418,2,1,9
"1781",418,3,1,11
"1782",419,1,1,8
"1783",419,2,1,17
"1784",420,1,1,9
"1785",420,2,1,7
"1786",420,3,1,15
"1787",420,4,1,5
"1788",420,5,1,8
"1789",421,1,1,12
"1790",421,2,1,15
"1791",421,3,1,10
"1792",421,4,1,8
"1793",422,1,1,11
"1794",422,2,1,14
"1795",423,1,1,9
"1796",423,2,1,14
"1797",423,3,1,8
"1798",424,1,1,14
"1799",425,1,1,14
"1800",425,2,1,10
"1801",425,3,1,12
"1802",425,4,1,11
"1803",426,1,1,11
"1804",426,2,1,10
"1805",426,3,1,12
"1806",426,4,1,9
"1807",426,5,1,8
"1808",427,1,1,11
"1809",428,1,1,8
"1810",428,2,1,2
"1811",429,1,1,8
"1812",429,2,1,6
"1813",430,1,1,14
"1814",430,2,1,10
"1815",431,1,1,5
"1816",432,1,1,10
"1817",432,2,1,5
"1818",432,3,1,9
"1819",432,4,1,7
"1820",433,1,1,11
"1821",434,1,1,15
"1822",434,2,1,9
"1823",434,3,1,18
"1824",435,1,1,10
"1825",435,2,1,13
"1826",435,3,1,13
"1827",435,4,1,11
"1828",436,1,1,10
"1829",436,2,1,13
"1830",436,3,1,10
"1831",437,1,1,12
"1832",437,2,1,12
"1833",437,3,1,7
"1834",437,4,1,10
"1835",438,1,1,12
"1836",438,2,1,14
"1837",438,3,1,5
"1838",439,1,1,12
"1839",439,2,1,11
"1840",440,1,1,11
"1841",440,2,1,13
"1842",440,3,1,12
"1843",440,4,1,10
"1844",441,1,1,10
"1845",441,2,1,14
"1846",441,3,1,19
"1847",442,1,1,10
"1848",442,2,1,9
"1849",442,3,1,6
"1850",442,4,1,10
"1851",442,5,1,10
"1852",443,1,1,11
"1853",443,2,1,14
"1854",443,3,1,13
"1855",444,1,1,9
"1856",444,2,1,14
"1857",444,3,1,4
"1858",444,4,1,12
"1859",445,1,1,6
"1860",445,2,1,13
"1861",445,3,1,7
"1862",447,1,1,15
"1863",447,2,1,12
"1864",448,1,1,19
"1865",448,2,1,12
"1866",448,3,1,8
"1867",449,1,1,9
"1868",449,2,1,8
"1869",449,3,1,14
"1870",450,1,1,11
"1871",451,1,1,9
"1872",451,2,1,12
"1873",451,3,1,10
"1874",451,4,1,11
"1875",452,1,1,11
"1876",452,2,1,9
"1877",453,1,1,13
"1878",453,2,1,11
"1879",454,1,1,5
"1880",455,1,1,11
"1881",455,2,1,6
"1882",456,1,1,16
"1883",456,2,1,11
"1884",456,3,1,11
"1885",457,1,1,9
"1886",457,2,1,14
"1887",457,3,1,11
"1888",457,4,1,6
"1889",458,1,1,9
"1890",459,1,1,8
"1891",459,2,1,17
"1892",460,1,1,10
"1893",460,2,1,11
"1894",460,3,1,11
"1895",460,4,1,10
"1896",461,1,1,12
"1897",461,2,1,11
"1898",461,3,1,12
"1899",462,1,1,13
"1900",462,2,1,13
"1901",462,3,1,10
"1902",462,4,1,14
"1903",462,5,1,11
"1904",463,1,1,8
"1905",463,2,1,6
"1906",463,3,1,12
"1907",463,4,1,10
"1908",464,1,1,11
"1909",464,2,1,9
"1910",464,3,1,4
"1911",464,4,1,11
"1912",465,1,1,9
"1913",465,2,1,10
"1914",465,3,1,12
"1915",466,1,1,9
"1916",466,2,1,9
"1917",466,3,1,9
"1918",467,1,1,9
"1919",467,2,1,10
"1920",468,1,1,14
"1921",468,2,1,4
"1922",468,3,1,12
"1923",468,4,1,7
"1924",469,1,1,9
"1925",469,2,1,10
"1926",469,3,1,17
"1927",469,4,1,11
"1928",470,1,1,10
"1929",470,2,1,11
"1930",470,3,1,12
"1931",470,4,1,9
"1932",471,1,1,12
"1933",471,2,1,8
"1934",472,1,1,10
"1935",473,1,1,3
"1936",473,2,1,5
"1937",473,3,1,12
"1938",474,1,1,13
"1939",474,2,1,10
"1940",474,3,1,10
"1941",475,1,1,11
"1942",475,2,1,16
"1943",475,3,1,14
"1944",475,4,1,12
"1945",476,1,1,13
"1946",476,2,1,4
"1947",477,1,1,9
"1948",477,2,1,9
"1949",477,3,1,11
"1950",478,1,1,11
"1951",478,2,1,13
"1952",478,3,1,7
"1953",479,1,1,13
"1954",479,2,1,8
"1955",479,3,1,7
"1956",479,4,1,13
"1957",480,1,1,7
"1958",480,2,1,12
"1959",480,3,1,9
"1960",481,1,1,10
"1961",481,2,1,11
"1962",481,3,1,6
"1963",482,1,1,12
"1964",482,2,1,17
"1965",483,1,1,11
"1966",483,2,1,12
"1967",484,1,1,11
"1968",484,2,1,7
"1969",484,3,1,3
"1970",485,1,1,6
"1971",485,2,1,7
"1972",485,3,1,8
"1973",485,4,1,13
"1974",485,5,1,9
"1975",486,1,1,11
"1976",486,2,1,17
"1977",486,3,1,8
"1978",486,4,1,7
"1979",486,5,1,13
"1980",487,1,1,9
"1981",487,2,1,11
"1982",487,3,1,11
"1983",488,1,1,11
"1984",488,2,1,8
"1985",489,1,1,15
"1986",490,1,1,10
"1987",490,2,1,9
"1988",490,3,1,15
"1989",490,4,1,8
"1990",491,1,1,15
"1991",491,2,1,12
"1992",492,1,1,8
"1993",492,2,1,7
"1994",492,3,1,12
"1995",492,4,1,9
"1996",492,5,1,14
"1997",493,1,1,9
"1998",493,2,1,11
"1999",494,1,1,13
"2000",494,2,1,10
"2001",494,3,1,7
"2002",495,1,1,11
"2003",495,2,1,10
"2004",495,3,1,15
"2005",495,4,1,10
"2006",495,5,1,11
"2007",495,6,1,12
"2008",495,7,1,8
"2009",496,1,1,9
"2010",496,2,1,9
"2011",497,1,1,4
"2012",497,2,1,9
"2013",497,3,1,15
"2014",498,1,1,18
"2015",498,2,1,11
"2016",499,1,1,9
"2017",499,2,1,9
"2018",499,3,1,8
"2019",500,1,1,16
"2020",500,2,1,14
