"Dataset","ID","fate","t","x"
"1",1,1,3,-0.00842242594226134
"1",2,1,3,-0.00842242594226134
"1",3,1,3,-0.00842242594226134
"1",4,1,6,-0.00360955974516749
"1",5,1,6,-0.00360955974516749
"1",6,1,6,-0.00360955974516749
"1",7,1,6,-0.00360955974516749
"1",8,1,6,-0.00360955974516749
"1",9,1,9,-0.000983804806332881
"1",10,1,9,-0.000983804806332881
"1",11,1,9,-0.000983804806332881
"1",12,1,9,-0.000983804806332881
"1",13,1,9,-0.000983804806332881
"1",14,1,12,0.000216866209633306
"1",15,1,12,0.000216866209633306
"1",16,1,12,0.000216866209633306
"1",17,1,12,0.000216866209633306
"1",18,1,15,-0.00156749135034685
"1",19,1,15,-0.00156749135034685
"1",20,1,15,-0.00156749135034685
"1",21,1,18,-0.00101590498896019
"1",22,1,18,-0.00101590498896019
"1",23,1,21,0.000235252872136881
"1",25,1,21,0.000235252872136881
"1",26,1,24,-0.000469467026890376
"1",27,1,3,-0.00842242594226134
"1",28,1,3,-0.00842242594226134
"1",29,1,3,-0.00842242594226134
"1",30,1,6,-0.00360955974516749
"1",24,0,12,0.000216866209633306
"2",1,1,3,-0.00216184121883176
"2",2,1,3,-0.00216184121883176
"2",3,1,3,-0.00216184121883176
"2",4,1,6,-0.000664818164813676
"2",6,1,6,-0.000664818164813676
"2",7,1,6,-0.000664818164813676
"2",8,1,6,-0.000664818164813676
"2",9,1,6,-0.000664818164813676
"2",10,1,9,-0.00313991927385031
"2",11,1,9,-0.00313991927385031
"2",12,1,9,-0.00313991927385031
"2",13,1,9,-0.00313991927385031
"2",15,1,9,-0.00313991927385031
"2",16,1,12,-0.000292524187788767
"2",17,1,12,-0.000292524187788767
"2",18,1,12,-0.000292524187788767
"2",19,1,12,-0.000292524187788767
"2",20,1,15,-0.00115270440992016
"2",21,1,15,-0.00115270440992016
"2",22,1,15,-0.00115270440992016
"2",23,1,18,0.000525963447880595
"2",25,1,18,0.000525963447880595
"2",26,1,21,-7.00551035496638e-05
"2",27,1,21,-7.00551035496638e-05
"2",28,1,24,-0.000323320677975448
"2",29,1,3,-0.00216184121883176
"2",30,1,3,-0.00216184121883176
"2",5,0,12,-0.000292524187788767
"2",14,0,15,-0.00115270440992016
"2",24,0,24,-0.000323320677975448
"3",1,1,3,0.00437459993470926
"3",3,1,3,0.00437459993470926
"3",4,1,3,0.00437459993470926
"3",5,1,6,0.00667809216414595
"3",6,1,6,0.00667809216414595
"3",7,1,6,0.00667809216414595
"3",8,1,6,0.00667809216414595
"3",9,1,6,0.00667809216414595
"3",10,1,9,-0.00062133990843088
"3",11,1,9,-0.00062133990843088
"3",12,1,9,-0.00062133990843088
"3",13,1,9,-0.00062133990843088
"3",14,1,9,-0.00062133990843088
"3",15,1,12,-0.00207834751794512
"3",16,1,12,-0.00207834751794512
"3",17,1,12,-0.00207834751794512
"3",18,1,12,-0.00207834751794512
"3",19,1,15,-0.0031732540522232
"3",20,1,15,-0.0031732540522232
"3",21,1,15,-0.0031732540522232
"3",23,1,18,-0.000518785877520478
"3",24,1,18,-0.000518785877520478
"3",25,1,21,0.00026618499452079
"3",26,1,21,0.00026618499452079
"3",27,1,24,0.000325274251649344
"3",28,1,3,0.00437459993470926
"3",29,1,3,0.00437459993470926
"3",30,1,3,0.00437459993470926
"3",2,0,9,-0.00062133990843088
"3",22,0,18,-0.000518785877520478
"4",1,1,3,-0.00811587190206473
"4",2,1,3,-0.00811587190206473
"4",3,1,3,-0.00811587190206473
"4",5,1,6,-0.00835091169108203
"4",6,1,6,-0.00835091169108203
"4",7,1,6,-0.00835091169108203
"4",8,1,6,-0.00835091169108203
"4",9,1,6,-0.00835091169108203
"4",10,1,9,-0.00678289778814239
"4",11,1,9,-0.00678289778814239
"4",12,1,9,-0.00678289778814239
"4",13,1,9,-0.00678289778814239
"4",14,1,9,-0.00678289778814239
"4",15,1,12,-0.00511398065343362
"4",16,1,12,-0.00511398065343362
"4",17,1,12,-0.00511398065343362
"4",18,1,12,-0.00511398065343362
"4",19,1,15,-0.0058174370952706
"4",20,1,15,-0.0058174370952706
"4",21,1,15,-0.0058174370952706
"4",22,1,18,-0.00483155882955678
"4",23,1,18,-0.00483155882955678
"4",24,1,21,-0.00553560632136234
"4",26,1,21,-0.00553560632136234
"4",27,1,24,-0.00516062619746678
"4",28,1,3,-0.00811587190206473
"4",29,1,3,-0.00811587190206473
"4",30,1,3,-0.00811587190206473
"4",4,0,6,-0.00835091169108203
"4",25,0,9,-0.00678289778814239
"5",1,1,3,-0.00173025329270143
"5",2,1,3,-0.00173025329270143
"5",3,1,3,-0.00173025329270143
"5",4,1,6,-0.00332459647860107
"5",5,1,6,-0.00332459647860107
"5",6,1,6,-0.00332459647860107
"5",7,1,6,-0.00332459647860107
"5",8,1,6,-0.00332459647860107
"5",10,1,9,-0.00228101418139306
"5",11,1,9,-0.00228101418139306
"5",12,1,9,-0.00228101418139306
"5",14,1,9,-0.00228101418139306
"5",15,1,9,-0.00228101418139306
"5",16,1,12,-0.00246922165648195
"5",17,1,12,-0.00246922165648195
"5",18,1,12,-0.00246922165648195
"5",19,1,12,-0.00246922165648195
"5",20,1,15,-0.00278768349239826
"5",21,1,15,-0.00278768349239826
"5",22,1,15,-0.00278768349239826
"5",23,1,18,-0.00268957425667852
"5",24,1,18,-0.00268957425667852
"5",26,1,21,-0.00208762593932723
"5",27,1,21,-0.00208762593932723
"5",28,1,24,-0.000589020682065523
"5",29,1,3,-0.00173025329270143
"5",9,0,15,-0.00278768349239826
"5",13,0,9,-0.00228101418139306
"5",25,0,3,-0.00173025329270143
"5",30,0,6,-0.00332459647860107
"6",1,1,3,-0.0019393254037016
"6",2,1,3,-0.0019393254037016
"6",3,1,3,-0.0019393254037016
"6",4,1,6,-0.00243419957549326
"6",5,1,6,-0.00243419957549326
"6",6,1,6,-0.00243419957549326
"6",7,1,6,-0.00243419957549326
"6",8,1,6,-0.00243419957549326
"6",9,1,9,-0.00515960551366171
"6",10,1,9,-0.00515960551366171
"6",11,1,9,-0.00515960551366171
"6",12,1,9,-0.00515960551366171
"6",13,1,9,-0.00515960551366171
"6",14,1,12,-0.00369371058531959
"6",15,1,12,-0.00369371058531959
"6",16,1,12,-0.00369371058531959
"6",17,1,12,-0.00369371058531959
"6",18,1,15,-0.0030816064997892
"6",19,1,15,-0.0030816064997892
"6",20,1,15,-0.0030816064997892
"6",21,1,18,-0.00149902949807311
"6",22,1,18,-0.00149902949807311
"6",23,1,21,-0.0020500438643978
"6",24,1,21,-0.0020500438643978
"6",25,1,24,-0.00211941085321397
"6",26,1,3,-0.0019393254037016
"6",27,1,3,-0.0019393254037016
"6",28,1,3,-0.0019393254037016
"6",29,1,6,-0.00243419957549326
"6",30,0,24,-0.00211941085321397
"7",1,1,3,-0.00633069640871147
"7",3,1,3,-0.00633069640871147
"7",4,1,3,-0.00633069640871147
"7",5,1,6,0.001474332733837
"7",6,1,6,0.001474332733837
"7",7,1,6,0.001474332733837
"7",8,1,6,0.001474332733837
"7",9,1,6,0.001474332733837
"7",10,1,9,-0.00328685794359321
"7",11,1,9,-0.00328685794359321
"7",12,1,9,-0.00328685794359321
"7",13,1,9,-0.00328685794359321
"7",14,1,9,-0.00328685794359321
"7",15,1,12,-0.00248673171217475
"7",16,1,12,-0.00248673171217475
"7",17,1,12,-0.00248673171217475
"7",18,1,12,-0.00248673171217475
"7",19,1,15,-0.0025188884244049
"7",20,1,15,-0.0025188884244049
"7",21,1,15,-0.0025188884244049
"7",22,1,18,-0.00291148897121909
"7",23,1,18,-0.00291148897121909
"7",24,1,21,-0.00231586205497866
"7",25,1,21,-0.00231586205497866
"7",26,1,24,-0.00259522215741247
"7",27,1,3,-0.00633069640871147
"7",28,1,3,-0.00633069640871147
"7",29,1,3,-0.00633069640871147
"7",30,1,6,0.001474332733837
"7",2,0,15,-0.0025188884244049
"8",1,1,3,-0.000987912174673544
"8",2,1,3,-0.000987912174673544
"8",3,1,3,-0.000987912174673544
"8",4,1,6,-0.000766654800424344
"8",5,1,6,-0.000766654800424344
"8",6,1,6,-0.000766654800424344
"8",7,1,6,-0.000766654800424344
"8",8,1,6,-0.000766654800424344
"8",9,1,6,-0.000766654800424344
"8",10,1,9,-0.000666594949171322
"8",11,1,9,-0.000666594949171322
"8",12,1,9,-0.000666594949171322
"8",13,1,9,-0.000666594949171322
"8",14,1,9,-0.000666594949171322
"8",15,1,9,-0.000666594949171322
"8",16,1,12,-0.000424213657049928
"8",17,1,12,-0.000424213657049928
"8",18,1,12,-0.000424213657049928
"8",19,1,12,-0.000424213657049928
"8",20,1,12,-0.000424213657049928
"8",21,1,15,-0.000615273485520318
"8",22,1,15,-0.000615273485520318
"8",23,1,15,-0.000615273485520318
"8",24,1,18,-0.00193202300485089
"8",25,1,18,-0.00193202300485089
"8",26,1,18,-0.00193202300485089
"8",27,1,21,-0.000929043277815295
"8",28,1,21,-0.000929043277815295
"8",29,1,21,-0.000929043277815295
"8",30,1,24,-0.000620586558054093
"9",1,1,3,-0.00821650569566569
"9",2,1,3,-0.00821650569566569
"9",3,1,3,-0.00821650569566569
"9",4,1,6,-0.00497456478213734
"9",5,1,6,-0.00497456478213734
"9",6,1,6,-0.00497456478213734
"9",7,1,6,-0.00497456478213734
"9",10,1,6,-0.00497456478213734
"9",11,1,9,-0.00308929185679219
"9",13,1,9,-0.00308929185679219
"9",14,1,9,-0.00308929185679219
"9",15,1,9,-0.00308929185679219
"9",16,1,9,-0.00308929185679219
"9",17,1,12,-0.00380062685855294
"9",18,1,12,-0.00380062685855294
"9",19,1,12,-0.00380062685855294
"9",20,1,12,-0.00380062685855294
"9",21,1,15,-0.00454601998507999
"9",23,1,15,-0.00454601998507999
"9",24,1,15,-0.00454601998507999
"9",25,1,18,-0.00390471895231201
"9",27,1,18,-0.00390471895231201
"9",28,1,21,-0.00230875726594586
"9",29,1,21,-0.00230875726594586
"9",30,1,24,-0.00188323852940761
"9",8,0,18,-0.00390471895231201
"9",9,0,12,-0.00380062685855294
"9",12,0,12,-0.00380062685855294
"9",22,0,15,-0.00454601998507999
"9",26,0,18,-0.00390471895231201
"10",2,1,3,-0.00357725846317433
"10",4,1,3,-0.00357725846317433
"10",8,1,3,-0.00357725846317433
"10",9,1,6,-0.00128788818173201
"10",10,1,6,-0.00128788818173201
"10",11,1,6,-0.00128788818173201
"10",12,1,6,-0.00128788818173201
"10",13,1,6,-0.00128788818173201
"10",14,1,9,0.00023531793092476
"10",15,1,9,0.00023531793092476
"10",16,1,9,0.00023531793092476
"10",17,1,9,0.00023531793092476
"10",18,1,9,0.00023531793092476
"10",19,1,12,0.00108800530015183
"10",20,1,12,0.00108800530015183
"10",21,1,12,0.00108800530015183
"10",22,1,12,0.00108800530015183
"10",23,1,15,0.00103481835129304
"10",24,1,15,0.00103481835129304
"10",25,1,15,0.00103481835129304
"10",26,1,18,0.00137044650390691
"10",27,1,18,0.00137044650390691
"10",28,1,21,0.00154537776945468
"10",29,1,21,0.00154537776945468
"10",30,1,24,0.000368964985383241
"10",1,0,21,0.00154537776945468
"10",3,0,12,0.00108800530015183
"10",5,0,3,-0.00357725846317433
"10",6,0,6,-0.00128788818173201
"10",7,0,15,0.00103481835129304
"11",1,1,3,-0.00338304031030271
"11",2,1,3,-0.00338304031030271
"11",3,1,3,-0.00338304031030271
"11",5,1,6,-0.00651790557821854
"11",6,1,6,-0.00651790557821854
"11",7,1,6,-0.00651790557821854
"11",8,1,6,-0.00651790557821854
"11",9,1,6,-0.00651790557821854
"11",10,1,9,-0.00718148004024172
"11",11,1,9,-0.00718148004024172
"11",12,1,9,-0.00718148004024172
"11",13,1,9,-0.00718148004024172
"11",14,1,9,-0.00718148004024172
"11",15,1,12,-0.00438104167061576
"11",16,1,12,-0.00438104167061576
"11",17,1,12,-0.00438104167061576
"11",18,1,12,-0.00438104167061576
"11",19,1,15,-0.00285931478724027
"11",21,1,15,-0.00285931478724027
"11",22,1,15,-0.00285931478724027
"11",23,1,18,-0.00250319004467527
"11",24,1,18,-0.00250319004467527
"11",25,1,21,-0.00165391835704647
"11",26,1,21,-0.00165391835704647
"11",27,1,24,-0.00195328329365023
"11",28,1,3,-0.00338304031030271
"11",29,1,3,-0.00338304031030271
"11",30,1,3,-0.00338304031030271
"11",4,0,6,-0.00651790557821854
"11",20,0,15,-0.00285931478724027
"12",1,1,3,-0.00758149216923855
"12",2,1,3,-0.00758149216923855
"12",3,1,3,-0.00758149216923855
"12",4,1,6,-0.00489768908312311
"12",5,1,6,-0.00489768908312311
"12",6,1,6,-0.00489768908312311
"12",7,1,6,-0.00489768908312311
"12",8,1,6,-0.00489768908312311
"12",9,1,9,-0.005077246944587
"12",11,1,9,-0.005077246944587
"12",12,1,9,-0.005077246944587
"12",14,1,9,-0.005077246944587
"12",15,1,9,-0.005077246944587
"12",17,1,12,-0.00276735923458703
"12",18,1,12,-0.00276735923458703
"12",19,1,12,-0.00276735923458703
"12",20,1,12,-0.00276735923458703
"12",21,1,15,-0.00230072498350449
"12",22,1,15,-0.00230072498350449
"12",23,1,15,-0.00230072498350449
"12",24,1,18,-0.00437759723099335
"12",25,1,18,-0.00437759723099335
"12",26,1,21,-0.0036857924368713
"12",27,1,21,-0.0036857924368713
"12",28,1,24,-0.00325330393415842
"12",29,1,3,-0.00758149216923855
"12",30,1,3,-0.00758149216923855
"12",10,0,12,-0.00276735923458703
"12",13,0,18,-0.00437759723099335
"12",16,0,15,-0.00230072498350449
"13",1,1,3,-0.000583772295704236
"13",2,1,3,-0.000583772295704236
"13",3,1,3,-0.000583772295704236
"13",5,1,6,0.000863115383447658
"13",6,1,6,0.000863115383447658
"13",8,1,6,0.000863115383447658
"13",9,1,6,0.000863115383447658
"13",10,1,9,-0.0024090595893371
"13",11,1,9,-0.0024090595893371
"13",13,1,9,-0.0024090595893371
"13",15,1,9,-0.0024090595893371
"13",16,1,12,-0.00156850433856379
"13",17,1,12,-0.00156850433856379
"13",18,1,12,-0.00156850433856379
"13",19,1,12,-0.00156850433856379
"13",20,1,15,-0.00140491383935056
"13",21,1,15,-0.00140491383935056
"13",22,1,15,-0.00140491383935056
"13",23,1,18,-0.00246618131002907
"13",26,1,18,-0.00246618131002907
"13",27,1,21,-0.00316731767975275
"13",28,1,21,-0.00316731767975275
"13",29,1,24,-0.00273677417868915
"13",30,1,3,-0.000583772295704236
"13",4,0,18,-0.00246618131002907
"13",7,0,9,-0.0024090595893371
"13",12,0,15,-0.00140491383935056
"13",14,0,24,-0.00273677417868915
"13",24,0,21,-0.00316731767975275
"13",25,0,9,-0.0024090595893371
"14",2,1,3,0.00162062610796635
"14",3,1,3,0.00162062610796635
"14",4,1,3,0.00162062610796635
"14",5,1,6,-0.00115042288180455
"14",6,1,6,-0.00115042288180455
"14",7,1,6,-0.00115042288180455
"14",8,1,6,-0.00115042288180455
"14",9,1,6,-0.00115042288180455
"14",10,1,9,-0.00105275536189952
"14",11,1,9,-0.00105275536189952
"14",13,1,9,-0.00105275536189952
"14",14,1,9,-0.00105275536189952
"14",15,1,9,-0.00105275536189952
"14",16,1,12,-0.00277887835614237
"14",17,1,12,-0.00277887835614237
"14",18,1,12,-0.00277887835614237
"14",19,1,12,-0.00277887835614237
"14",20,1,15,-0.00260285852401876
"14",21,1,15,-0.00260285852401876
"14",22,1,15,-0.00260285852401876
"14",23,1,18,-0.00141571886450441
"14",24,1,18,-0.00141571886450441
"14",26,1,21,-0.00159822460606215
"14",27,1,21,-0.00159822460606215
"14",28,1,24,-0.00130846045352538
"14",29,1,3,0.00162062610796635
"14",30,1,3,0.00162062610796635
"14",1,0,12,-0.00277887835614237
"14",12,0,21,-0.00159822460606215
"14",25,0,15,-0.00260285852401876
"15",1,1,3,-0.00629667697808669
"15",3,1,3,-0.00629667697808669
"15",4,1,3,-0.00629667697808669
"15",5,1,6,-0.00583852750521633
"15",6,1,6,-0.00583852750521633
"15",7,1,6,-0.00583852750521633
"15",8,1,6,-0.00583852750521633
"15",9,1,6,-0.00583852750521633
"15",10,1,9,-0.00311883095709817
"15",11,1,9,-0.00311883095709817
"15",12,1,9,-0.00311883095709817
"15",13,1,9,-0.00311883095709817
"15",14,1,9,-0.00311883095709817
"15",15,1,12,-0.00351644543062326
"15",16,1,12,-0.00351644543062326
"15",17,1,12,-0.00351644543062326
"15",18,1,12,-0.00351644543062326
"15",19,1,15,-0.00235486495619154
"15",20,1,15,-0.00235486495619154
"15",21,1,15,-0.00235486495619154
"15",22,1,18,-0.00284878221554521
"15",24,1,18,-0.00284878221554521
"15",25,1,21,-0.00226764285128014
"15",26,1,21,-0.00226764285128014
"15",27,1,24,-0.00176231608613919
"15",28,1,3,-0.00629667697808669
"15",29,1,3,-0.00629667697808669
"15",30,1,3,-0.00629667697808669
"15",2,0,18,-0.00284878221554521
"15",23,0,12,-0.00351644543062326
"16",1,1,3,-0.00992042452179471
"16",2,1,3,-0.00992042452179471
"16",3,1,3,-0.00992042452179471
"16",4,1,6,-0.00473265352730771
"16",5,1,6,-0.00473265352730771
"16",6,1,6,-0.00473265352730771
"16",7,1,6,-0.00473265352730771
"16",8,1,6,-0.00473265352730771
"16",9,1,9,-0.00400122690874343
"16",10,1,9,-0.00400122690874343
"16",12,1,9,-0.00400122690874343
"16",13,1,9,-0.00400122690874343
"16",14,1,9,-0.00400122690874343
"16",15,1,12,-0.00451512186792909
"16",16,1,12,-0.00451512186792909
"16",17,1,12,-0.00451512186792909
"16",18,1,12,-0.00451512186792909
"16",19,1,15,-0.00268284369288809
"16",20,1,15,-0.00268284369288809
"16",21,1,15,-0.00268284369288809
"16",22,1,18,-0.00266011867787487
"16",23,1,18,-0.00266011867787487
"16",24,1,21,-0.00221075732261741
"16",25,1,21,-0.00221075732261741
"16",26,1,24,-0.00222206877109749
"16",27,1,3,-0.00992042452179471
"16",28,1,3,-0.00992042452179471
"16",29,1,3,-0.00992042452179471
"16",30,1,6,-0.00473265352730771
"16",11,0,15,-0.00268284369288809
"17",1,1,3,0.00309799820541066
"17",2,1,3,0.00309799820541066
"17",3,1,3,0.00309799820541066
"17",4,1,6,-0.000447946915344741
"17",5,1,6,-0.000447946915344741
"17",6,1,6,-0.000447946915344741
"17",7,1,6,-0.000447946915344741
"17",8,1,6,-0.000447946915344741
"17",9,1,6,-0.000447946915344741
"17",10,1,9,-0.000703356878090909
"17",11,1,9,-0.000703356878090909
"17",12,1,9,-0.000703356878090909
"17",13,1,9,-0.000703356878090909
"17",14,1,9,-0.000703356878090909
"17",15,1,9,-0.000703356878090909
"17",16,1,12,-0.000577016140540009
"17",17,1,12,-0.000577016140540009
"17",18,1,12,-0.000577016140540009
"17",19,1,12,-0.000577016140540009
"17",20,1,12,-0.000577016140540009
"17",21,1,15,-0.00148318455841449
"17",22,1,15,-0.00148318455841449
"17",23,1,15,-0.00148318455841449
"17",24,1,18,-0.0010866653494062
"17",25,1,18,-0.0010866653494062
"17",26,1,18,-0.0010866653494062
"17",27,1,21,-0.00112279551169305
"17",28,1,21,-0.00112279551169305
"17",29,1,21,-0.00112279551169305
"17",30,1,24,-0.000665363099990032
"18",1,1,3,0.0102302796830398
"18",2,1,3,0.0102302796830398
"18",4,1,3,0.0102302796830398
"18",5,1,6,0.00215830351744196
"18",6,1,6,0.00215830351744196
"18",7,1,6,0.00215830351744196
"18",9,1,6,0.00215830351744196
"18",10,1,6,0.00215830351744196
"18",11,1,9,0.00178369606478944
"18",12,1,9,0.00178369606478944
"18",14,1,9,0.00178369606478944
"18",15,1,9,0.00178369606478944
"18",16,1,9,0.00178369606478944
"18",17,1,12,0.00113982059302419
"18",19,1,12,0.00113982059302419
"18",20,1,12,0.00113982059302419
"18",21,1,12,0.00113982059302419
"18",22,1,15,0.00136946543780663
"18",23,1,15,0.00136946543780663
"18",24,1,15,0.00136946543780663
"18",25,1,18,0.000833043012327458
"18",26,1,18,0.000833043012327458
"18",27,1,21,0.000683856723301692
"18",28,1,21,0.000683856723301692
"18",29,1,24,0.00103269882713042
"18",3,0,21,0.000683856723301692
"18",8,0,21,0.000683856723301692
"18",13,0,24,0.00103269882713042
"18",18,0,15,0.00136946543780663
"18",30,0,18,0.000833043012327458
"19",2,1,3,0.00237691044512528
"19",3,1,3,0.00237691044512528
"19",4,1,3,0.00237691044512528
"19",5,1,6,-0.000689623741070487
"19",6,1,6,-0.000689623741070487
"19",8,1,6,-0.000689623741070487
"19",9,1,6,-0.000689623741070487
"19",10,1,6,-0.000689623741070487
"19",11,1,9,-0.00329072286306868
"19",12,1,9,-0.00329072286306868
"19",13,1,9,-0.00329072286306868
"19",16,1,9,-0.00329072286306868
"19",17,1,9,-0.00329072286306868
"19",18,1,12,-0.00200503050553313
"19",19,1,12,-0.00200503050553313
"19",20,1,12,-0.00200503050553313
"19",21,1,12,-0.00200503050553313
"19",22,1,15,-0.00156399187558794
"19",23,1,15,-0.00156399187558794
"19",24,1,15,-0.00156399187558794
"19",25,1,18,-0.000930045874720444
"19",26,1,18,-0.000930045874720444
"19",28,1,21,-0.00164970799697411
"19",29,1,21,-0.00164970799697411
"19",30,1,24,-0.000776142490404849
"19",1,0,24,-0.000776142490404849
"19",7,0,21,-0.00164970799697411
"19",14,0,15,-0.00156399187558794
"19",15,0,15,-0.00156399187558794
"19",27,0,24,-0.000776142490404849
"20",1,1,3,-0.0122540947711052
"20",2,1,3,-0.0122540947711052
"20",3,1,3,-0.0122540947711052
"20",7,1,6,-0.00707068450971988
"20",8,1,6,-0.00707068450971988
"20",9,1,6,-0.00707068450971988
"20",11,1,6,-0.00707068450971988
"20",12,1,6,-0.00707068450971988
"20",13,1,9,-0.00548129867600256
"20",14,1,9,-0.00548129867600256
"20",15,1,9,-0.00548129867600256
"20",16,1,9,-0.00548129867600256
"20",17,1,9,-0.00548129867600256
"20",18,1,12,-0.00294311627063593
"20",19,1,12,-0.00294311627063593
"20",20,1,12,-0.00294311627063593
"20",21,1,12,-0.00294311627063593
"20",22,1,15,-0.00375590381443757
"20",23,1,15,-0.00375590381443757
"20",25,1,15,-0.00375590381443757
"20",26,1,18,-0.00237038486687261
"20",27,1,18,-0.00237038486687261
"20",28,1,21,-0.00250763034236308
"20",29,1,21,-0.00250763034236308
"20",30,1,24,-0.00157910291010386
"20",4,0,3,-0.0122540947711052
"20",5,0,6,-0.00707068450971988
"20",6,0,3,-0.0122540947711052
"20",10,0,12,-0.00294311627063593
"20",24,0,21,-0.00250763034236308
"21",1,1,3,-0.00601052193889894
"21",3,1,3,-0.00601052193889894
"21",4,1,3,-0.00601052193889894
"21",5,1,6,-0.00654114886844587
"21",6,1,6,-0.00654114886844587
"21",7,1,6,-0.00654114886844587
"21",8,1,6,-0.00654114886844587
"21",9,1,6,-0.00654114886844587
"21",10,1,9,-0.00326381598155255
"21",11,1,9,-0.00326381598155255
"21",12,1,9,-0.00326381598155255
"21",13,1,9,-0.00326381598155255
"21",15,1,9,-0.00326381598155255
"21",16,1,12,-0.00391271187298966
"21",17,1,12,-0.00391271187298966
"21",18,1,12,-0.00391271187298966
"21",19,1,12,-0.00391271187298966
"21",20,1,15,-0.00310271438428451
"21",21,1,15,-0.00310271438428451
"21",22,1,15,-0.00310271438428451
"21",23,1,18,-0.00284645798770226
"21",24,1,18,-0.00284645798770226
"21",25,1,21,-0.00129278812573225
"21",26,1,21,-0.00129278812573225
"21",27,1,24,-0.000568575197943562
"21",28,1,3,-0.00601052193889894
"21",29,1,3,-0.00601052193889894
"21",30,1,3,-0.00601052193889894
"21",2,0,21,-0.00129278812573225
"21",14,0,12,-0.00391271187298966
"22",1,1,3,0.010657516942547
"22",2,1,3,0.010657516942547
"22",4,1,3,0.010657516942547
"22",5,1,6,0.00610215183274225
"22",7,1,6,0.00610215183274225
"22",8,1,6,0.00610215183274225
"22",9,1,6,0.00610215183274225
"22",10,1,6,0.00610215183274225
"22",11,1,9,0.00413891324780054
"22",12,1,9,0.00413891324780054
"22",13,1,9,0.00413891324780054
"22",15,1,9,0.00413891324780054
"22",17,1,9,0.00413891324780054
"22",18,1,12,0.00349425223310644
"22",19,1,12,0.00349425223310644
"22",20,1,12,0.00349425223310644
"22",22,1,12,0.00349425223310644
"22",23,1,15,0.00125238067924239
"22",24,1,15,0.00125238067924239
"22",25,1,15,0.00125238067924239
"22",26,1,18,-0.000696389079768254
"22",27,1,18,-0.000696389079768254
"22",28,1,21,-0.000856446600812757
"22",29,1,21,-0.000856446600812757
"22",30,1,24,-0.000782849713981902
"22",3,0,24,-0.000782849713981902
"22",6,0,12,0.00349425223310644
"22",14,0,24,-0.000782849713981902
"22",16,0,6,0.00610215183274225
"22",21,0,6,0.00610215183274225
"23",1,1,3,-0.0020465712149319
"23",4,1,3,-0.0020465712149319
"23",5,1,3,-0.0020465712149319
"23",6,1,6,0.000750930340600766
"23",7,1,6,0.000750930340600766
"23",8,1,6,0.000750930340600766
"23",9,1,6,0.000750930340600766
"23",10,1,6,0.000750930340600766
"23",11,1,9,-0.002491291204262
"23",12,1,9,-0.002491291204262
"23",13,1,9,-0.002491291204262
"23",14,1,9,-0.002491291204262
"23",15,1,9,-0.002491291204262
"23",16,1,12,-0.00021134038558896
"23",17,1,12,-0.00021134038558896
"23",18,1,12,-0.00021134038558896
"23",20,1,12,-0.00021134038558896
"23",21,1,15,-0.00029023542146252
"23",23,1,15,-0.00029023542146252
"23",24,1,15,-0.00029023542146252
"23",25,1,18,-0.00156812218983578
"23",26,1,18,-0.00156812218983578
"23",27,1,21,-0.00144013723153639
"23",28,1,21,-0.00144013723153639
"23",29,1,24,-0.00240703710209711
"23",2,0,21,-0.00144013723153639
"23",3,0,24,-0.00240703710209711
"23",19,0,12,-0.00021134038558896
"23",22,0,9,-0.002491291204262
"23",30,0,12,-0.00021134038558896
"24",1,1,3,0.0011424487451874
"24",3,1,3,0.0011424487451874
"24",4,1,3,0.0011424487451874
"24",5,1,6,0.00287857129831491
"24",8,1,6,0.00287857129831491
"24",9,1,6,0.00287857129831491
"24",10,1,6,0.00287857129831491
"24",11,1,6,0.00287857129831491
"24",12,1,9,-0.000325147168413029
"24",13,1,9,-0.000325147168413029
"24",14,1,9,-0.000325147168413029
"24",15,1,9,-0.000325147168413029
"24",16,1,9,-0.000325147168413029
"24",17,1,12,0.00215350759266514
"24",18,1,12,0.00215350759266514
"24",19,1,12,0.00215350759266514
"24",20,1,12,0.00215350759266514
"24",21,1,15,0.00198452924062742
"24",22,1,15,0.00198452924062742
"24",23,1,15,0.00198452924062742
"24",24,1,18,0.00112713088182357
"24",25,1,18,0.00112713088182357
"24",26,1,21,0.00219365508231331
"24",29,1,21,0.00219365508231331
"24",30,1,24,0.002774297961013
"24",2,0,18,0.00112713088182357
"24",6,0,9,-0.000325147168413029
"24",7,0,12,0.00215350759266514
"24",27,0,18,0.00112713088182357
"24",28,0,18,0.00112713088182357
"25",1,1,3,0.00120703055817975
"25",2,1,3,0.00120703055817975
"25",6,1,3,0.00120703055817975
"25",7,1,6,-0.00141247418986779
"25",8,1,6,-0.00141247418986779
"25",9,1,6,-0.00141247418986779
"25",10,1,6,-0.00141247418986779
"25",11,1,6,-0.00141247418986779
"25",12,1,9,0.000365716462277435
"25",13,1,9,0.000365716462277435
"25",14,1,9,0.000365716462277435
"25",15,1,9,0.000365716462277435
"25",16,1,9,0.000365716462277435
"25",18,1,12,0.00247938608346713
"25",19,1,12,0.00247938608346713
"25",20,1,12,0.00247938608346713
"25",21,1,12,0.00247938608346713
"25",22,1,15,0.00131557744690935
"25",23,1,15,0.00131557744690935
"25",24,1,15,0.00131557744690935
"25",25,1,18,0.00136155528321234
"25",26,1,18,0.00136155528321234
"25",27,1,21,0.000981106437432713
"25",28,1,21,0.000981106437432713
"25",30,1,24,0.000866604155237605
"25",3,0,3,0.00120703055817975
"25",4,0,6,-0.00141247418986779
"25",5,0,12,0.00247938608346713
"25",17,0,15,0.00131557744690935
"25",29,0,15,0.00131557744690935
"26",1,1,3,-0.0116228564301595
"26",2,1,3,-0.0116228564301595
"26",3,1,3,-0.0116228564301595
"26",4,1,6,-0.0042750743187485
"26",5,1,6,-0.0042750743187485
"26",6,1,6,-0.0042750743187485
"26",7,1,6,-0.0042750743187485
"26",8,1,6,-0.0042750743187485
"26",9,1,9,-0.00572926146598807
"26",10,1,9,-0.00572926146598807
"26",11,1,9,-0.00572926146598807
"26",12,1,9,-0.00572926146598807
"26",14,1,9,-0.00572926146598807
"26",15,1,12,-0.00357173628318327
"26",16,1,12,-0.00357173628318327
"26",17,1,12,-0.00357173628318327
"26",18,1,12,-0.00357173628318327
"26",19,1,15,-0.00213642866140017
"26",20,1,15,-0.00213642866140017
"26",21,1,15,-0.00213642866140017
"26",22,1,18,-0.00140020485267879
"26",23,1,18,-0.00140020485267879
"26",25,1,21,4.98412107555212e-06
"26",26,1,21,4.98412107555212e-06
"26",27,1,24,0.000260285230794245
"26",28,1,3,-0.0116228564301595
"26",29,1,3,-0.0116228564301595
"26",30,1,3,-0.0116228564301595
"26",13,0,24,0.000260285230794245
"26",24,0,3,-0.0116228564301595
"27",1,1,3,-0.00398924424294444
"27",2,1,3,-0.00398924424294444
"27",3,1,3,-0.00398924424294444
"27",4,1,6,0.00227282040492294
"27",5,1,6,0.00227282040492294
"27",6,1,6,0.00227282040492294
"27",7,1,6,0.00227282040492294
"27",8,1,6,0.00227282040492294
"27",9,1,9,0.00027814997371058
"27",10,1,9,0.00027814997371058
"27",11,1,9,0.00027814997371058
"27",12,1,9,0.00027814997371058
"27",13,1,9,0.00027814997371058
"27",14,1,12,0.0011999536343524
"27",15,1,12,0.0011999536343524
"27",16,1,12,0.0011999536343524
"27",17,1,12,0.0011999536343524
"27",18,1,15,0.000530920585633079
"27",19,1,15,0.000530920585633079
"27",20,1,15,0.000530920585633079
"27",21,1,18,0.00130274797982564
"27",23,1,18,0.00130274797982564
"27",24,1,21,0.00196389013370987
"27",25,1,21,0.00196389013370987
"27",26,1,24,0.00151081554634494
"27",27,1,3,-0.00398924424294444
"27",28,1,3,-0.00398924424294444
"27",29,1,3,-0.00398924424294444
"27",30,1,6,0.00227282040492294
"27",22,0,6,0.00227282040492294
"28",1,1,3,0.00286075239700109
"28",2,1,3,0.00286075239700109
"28",4,1,3,0.00286075239700109
"28",5,1,6,0.000716534731666117
"28",6,1,6,0.000716534731666117
"28",7,1,6,0.000716534731666117
"28",9,1,6,0.000716534731666117
"28",10,1,6,0.000716534731666117
"28",11,1,9,0.00156253799372458
"28",12,1,9,0.00156253799372458
"28",13,1,9,0.00156253799372458
"28",14,1,9,0.00156253799372458
"28",15,1,9,0.00156253799372458
"28",16,1,12,0.000679689198826664
"28",17,1,12,0.000679689198826664
"28",18,1,12,0.000679689198826664
"28",19,1,12,0.000679689198826664
"28",20,1,15,0.00172752328124496
"28",21,1,15,0.00172752328124496
"28",22,1,15,0.00172752328124496
"28",23,1,18,0.0015612035927917
"28",24,1,18,0.0015612035927917
"28",25,1,21,0.000714641395952696
"28",26,1,21,0.000714641395952696
"28",27,1,24,0.000570243475056502
"28",28,1,3,0.00286075239700109
"28",30,1,3,0.00286075239700109
"28",3,0,18,0.0015612035927917
"28",8,0,6,0.000716534731666117
"28",29,0,24,0.000570243475056502
"29",1,1,3,-0.0124391741062643
"29",2,1,3,-0.0124391741062643
"29",3,1,3,-0.0124391741062643
"29",4,1,6,-0.010579179703516
"29",5,1,6,-0.010579179703516
"29",6,1,6,-0.010579179703516
"29",7,1,6,-0.010579179703516
"29",8,1,6,-0.010579179703516
"29",9,1,9,-0.009459393630132
"29",10,1,9,-0.009459393630132
"29",11,1,9,-0.009459393630132
"29",13,1,9,-0.009459393630132
"29",14,1,9,-0.009459393630132
"29",15,1,12,-0.0057825193780858
"29",16,1,12,-0.0057825193780858
"29",17,1,12,-0.0057825193780858
"29",18,1,12,-0.0057825193780858
"29",19,1,15,-0.00384560209382135
"29",20,1,15,-0.00384560209382135
"29",21,1,15,-0.00384560209382135
"29",22,1,18,-0.00281761402312208
"29",23,1,18,-0.00281761402312208
"29",24,1,21,-0.00367637744037035
"29",25,1,21,-0.00367637744037035
"29",26,1,24,-0.00179553701683507
"29",27,1,3,-0.0124391741062643
"29",28,1,3,-0.0124391741062643
"29",29,1,3,-0.0124391741062643
"29",12,0,21,-0.00367637744037035
"29",30,0,3,-0.0124391741062643
"30",1,1,3,-0.00708671192780756
"30",2,1,3,-0.00708671192780756
"30",4,1,3,-0.00708671192780756
"30",5,1,6,-0.00439258164118859
"30",7,1,6,-0.00439258164118859
"30",8,1,6,-0.00439258164118859
"30",9,1,6,-0.00439258164118859
"30",10,1,6,-0.00439258164118859
"30",11,1,9,-0.00040346592349702
"30",12,1,9,-0.00040346592349702
"30",13,1,9,-0.00040346592349702
"30",14,1,9,-0.00040346592349702
"30",15,1,9,-0.00040346592349702
"30",16,1,12,-0.000542203031777026
"30",17,1,12,-0.000542203031777026
"30",18,1,12,-0.000542203031777026
"30",19,1,12,-0.000542203031777026
"30",20,1,15,0.000533545466652282
"30",21,1,15,0.000533545466652282
"30",22,1,15,0.000533545466652282
"30",23,1,18,0.000930664165559465
"30",25,1,18,0.000930664165559465
"30",26,1,21,0.000163310887576747
"30",27,1,21,0.000163310887576747
"30",28,1,24,-0.000296231372237468
"30",30,1,3,-0.00708671192780756
"30",3,0,9,-0.00040346592349702
"30",6,0,24,-0.000296231372237468
"30",24,0,21,0.000163310887576747
"30",29,0,21,0.000163310887576747
"31",1,1,3,-0.00262749525185946
"31",2,1,3,-0.00262749525185946
"31",3,1,3,-0.00262749525185946
"31",4,1,6,-0.00280461861076805
"31",5,1,6,-0.00280461861076805
"31",6,1,6,-0.00280461861076805
"31",8,1,6,-0.00280461861076805
"31",9,1,6,-0.00280461861076805
"31",10,1,9,-0.00380550342775993
"31",12,1,9,-0.00380550342775993
"31",13,1,9,-0.00380550342775993
"31",14,1,9,-0.00380550342775993
"31",15,1,9,-0.00380550342775993
"31",16,1,12,-0.00548257528228553
"31",17,1,12,-0.00548257528228553
"31",19,1,12,-0.00548257528228553
"31",20,1,12,-0.00548257528228553
"31",23,1,15,-0.0045273218602114
"31",24,1,15,-0.0045273218602114
"31",25,1,15,-0.0045273218602114
"31",26,1,18,-0.00544976410144547
"31",27,1,18,-0.00544976410144547
"31",28,1,21,-0.00451422176173922
"31",29,1,21,-0.00451422176173922
"31",30,1,24,-0.00302027733437814
"31",7,0,24,-0.00302027733437814
"31",11,0,9,-0.00380550342775993
"31",18,0,3,-0.00262749525185946
"31",21,0,24,-0.00302027733437814
"31",22,0,9,-0.00380550342775993
"32",1,1,3,-0.00580020349133659
"32",2,1,3,-0.00580020349133659
"32",4,1,3,-0.00580020349133659
"32",5,1,6,-0.00160621281974345
"32",6,1,6,-0.00160621281974345
"32",7,1,6,-0.00160621281974345
"32",8,1,6,-0.00160621281974345
"32",9,1,6,-0.00160621281974345
"32",10,1,9,-0.00360503691589558
"32",11,1,9,-0.00360503691589558
"32",12,1,9,-0.00360503691589558
"32",14,1,9,-0.00360503691589558
"32",16,1,9,-0.00360503691589558
"32",17,1,12,-0.00473359376903597
"32",18,1,12,-0.00473359376903597
"32",19,1,12,-0.00473359376903597
"32",20,1,12,-0.00473359376903597
"32",21,1,15,-0.00712965343956795
"32",22,1,15,-0.00712965343956795
"32",23,1,15,-0.00712965343956795
"32",24,1,18,-0.0062136047057215
"32",25,1,18,-0.0062136047057215
"32",26,1,21,-0.00575236539350231
"32",27,1,21,-0.00575236539350231
"32",28,1,24,-0.00446408116337701
"32",29,1,3,-0.00580020349133659
"32",30,1,3,-0.00580020349133659
"32",3,0,21,-0.00575236539350231
"32",13,0,12,-0.00473359376903597
"32",15,0,9,-0.00360503691589558
"33",1,1,3,-0.0104988179399409
"33",2,1,3,-0.0104988179399409
"33",3,1,3,-0.0104988179399409
"33",4,1,6,-0.00838968535504989
"33",5,1,6,-0.00838968535504989
"33",6,1,6,-0.00838968535504989
"33",7,1,6,-0.00838968535504989
"33",8,1,6,-0.00838968535504989
"33",9,1,9,-0.00710136232198953
"33",10,1,9,-0.00710136232198953
"33",11,1,9,-0.00710136232198953
"33",12,1,9,-0.00710136232198953
"33",13,1,9,-0.00710136232198953
"33",14,1,12,-0.00578070501614561
"33",15,1,12,-0.00578070501614561
"33",16,1,12,-0.00578070501614561
"33",17,1,12,-0.00578070501614561
"33",18,1,15,-0.00414148407886427
"33",19,1,15,-0.00414148407886427
"33",20,1,15,-0.00414148407886427
"33",21,1,18,-0.00265207830374231
"33",22,1,18,-0.00265207830374231
"33",23,1,21,-0.00120751426576275
"33",24,1,21,-0.00120751426576275
"33",25,1,24,-0.00068266284765903
"33",27,1,3,-0.0104988179399409
"33",29,1,3,-0.0104988179399409
"33",30,1,3,-0.0104988179399409
"33",26,0,9,-0.00710136232198953
"33",28,0,6,-0.00838968535504989
"34",1,1,3,0.00191068240099974
"34",2,1,3,0.00191068240099974
"34",3,1,3,0.00191068240099974
"34",5,1,6,-0.000355816022148784
"34",6,1,6,-0.000355816022148784
"34",7,1,6,-0.000355816022148784
"34",8,1,6,-0.000355816022148784
"34",10,1,6,-0.000355816022148784
"34",11,1,9,-0.000719050958180827
"34",12,1,9,-0.000719050958180827
"34",13,1,9,-0.000719050958180827
"34",15,1,9,-0.000719050958180827
"34",16,1,9,-0.000719050958180827
"34",17,1,12,-0.000162357368630769
"34",18,1,12,-0.000162357368630769
"34",19,1,12,-0.000162357368630769
"34",20,1,12,-0.000162357368630769
"34",22,1,15,-0.000854950832734549
"34",23,1,15,-0.000854950832734549
"34",24,1,15,-0.000854950832734549
"34",26,1,18,-0.000498449117771401
"34",27,1,18,-0.000498449117771401
"34",28,1,21,-0.000895841529204217
"34",29,1,21,-0.000895841529204217
"34",30,1,24,1.97167028021483e-05
"34",4,0,21,-0.000895841529204217
"34",9,0,12,-0.000162357368630769
"34",14,0,21,-0.000895841529204217
"34",21,0,9,-0.000719050958180827
"34",25,0,12,-0.000162357368630769
"35",1,1,3,-0.0080181668039539
"35",2,1,3,-0.0080181668039539
"35",4,1,3,-0.0080181668039539
"35",8,1,6,-0.00195962549811923
"35",9,1,6,-0.00195962549811923
"35",10,1,6,-0.00195962549811923
"35",11,1,6,-0.00195962549811923
"35",12,1,9,-0.000347360533867293
"35",13,1,9,-0.000347360533867293
"35",14,1,9,-0.000347360533867293
"35",15,1,9,-0.000347360533867293
"35",16,1,12,0.000517186659860922
"35",17,1,12,0.000517186659860922
"35",18,1,12,0.000517186659860922
"35",19,1,12,0.000517186659860922
"35",20,1,15,-0.0022927965357691
"35",21,1,15,-0.0022927965357691
"35",22,1,15,-0.0022927965357691
"35",25,1,18,-0.00221103639436326
"35",26,1,18,-0.00221103639436326
"35",27,1,21,-0.00164761274752366
"35",28,1,21,-0.00164761274752366
"35",29,1,24,-0.000833147327093537
"35",30,1,3,-0.0080181668039539
"35",3,0,3,-0.0080181668039539
"35",5,0,9,-0.000347360533867293
"35",6,0,6,-0.00195962549811923
"35",7,0,9,-0.000347360533867293
"35",23,0,12,0.000517186659860922
"35",24,0,12,0.000517186659860922
"36",1,1,3,0.00281753717938211
"36",2,1,3,0.00281753717938211
"36",3,1,3,0.00281753717938211
"36",4,1,6,-0.000986267014478336
"36",6,1,6,-0.000986267014478336
"36",7,1,6,-0.000986267014478336
"36",8,1,6,-0.000986267014478336
"36",9,1,6,-0.000986267014478336
"36",10,1,9,-0.002694023504655
"36",11,1,9,-0.002694023504655
"36",12,1,9,-0.002694023504655
"36",13,1,9,-0.002694023504655
"36",14,1,9,-0.002694023504655
"36",15,1,12,-0.00203583672297166
"36",16,1,12,-0.00203583672297166
"36",17,1,12,-0.00203583672297166
"36",18,1,12,-0.00203583672297166
"36",19,1,15,-0.00107519259986028
"36",20,1,15,-0.00107519259986028
"36",21,1,15,-0.00107519259986028
"36",22,1,18,-0.00155817701790661
"36",23,1,18,-0.00155817701790661
"36",24,1,21,-0.00186381610765185
"36",25,1,21,-0.00186381610765185
"36",26,1,24,-0.00239626622657618
"36",27,1,3,0.00281753717938211
"36",28,1,3,0.00281753717938211
"36",29,1,3,0.00281753717938211
"36",30,1,6,-0.000986267014478336
"36",5,0,12,-0.00203583672297166
"37",1,1,3,-0.00178309785046326
"37",2,1,3,-0.00178309785046326
"37",3,1,3,-0.00178309785046326
"37",4,1,6,-0.00506811491044327
"37",6,1,6,-0.00506811491044327
"37",8,1,6,-0.00506811491044327
"37",9,1,6,-0.00506811491044327
"37",10,1,6,-0.00506811491044327
"37",11,1,9,-0.00470579479447049
"37",12,1,9,-0.00470579479447049
"37",13,1,9,-0.00470579479447049
"37",14,1,9,-0.00470579479447049
"37",15,1,9,-0.00470579479447049
"37",16,1,12,-0.00527817188426749
"37",17,1,12,-0.00527817188426749
"37",19,1,12,-0.00527817188426749
"37",20,1,12,-0.00527817188426749
"37",21,1,15,-0.00441367928061358
"37",22,1,15,-0.00441367928061358
"37",23,1,15,-0.00441367928061358
"37",24,1,18,-0.00278369242737419
"37",25,1,18,-0.00278369242737419
"37",26,1,21,-0.00218057964695494
"37",27,1,21,-0.00218057964695494
"37",28,1,24,-0.0012138200109618
"37",29,1,3,-0.00178309785046326
"37",30,1,3,-0.00178309785046326
"37",5,0,15,-0.00441367928061358
"37",7,0,12,-0.00527817188426749
"37",18,0,21,-0.00218057964695494
"38",1,1,3,-0.00954282320172824
"38",2,1,3,-0.00954282320172824
"38",3,1,3,-0.00954282320172824
"38",4,1,6,-0.00337848431968787
"38",5,1,6,-0.00337848431968787
"38",6,1,6,-0.00337848431968787
"38",7,1,6,-0.00337848431968787
"38",8,1,6,-0.00337848431968787
"38",9,1,6,-0.00337848431968787
"38",10,1,9,-0.0023448082564122
"38",11,1,9,-0.0023448082564122
"38",12,1,9,-0.0023448082564122
"38",13,1,9,-0.0023448082564122
"38",14,1,9,-0.0023448082564122
"38",15,1,9,-0.0023448082564122
"38",16,1,12,-0.00326872512163542
"38",17,1,12,-0.00326872512163542
"38",18,1,12,-0.00326872512163542
"38",19,1,12,-0.00326872512163542
"38",20,1,12,-0.00326872512163542
"38",21,1,15,-0.000513359598517928
"38",22,1,15,-0.000513359598517928
"38",23,1,15,-0.000513359598517928
"38",24,1,18,0.000504186396101719
"38",25,1,18,0.000504186396101719
"38",26,1,18,0.000504186396101719
"38",27,1,21,0.00121376797606779
"38",28,1,21,0.00121376797606779
"38",29,1,21,0.00121376797606779
"38",30,1,24,0.000681631942159951
"39",1,1,3,0.0010761100314018
"39",2,1,3,0.0010761100314018
"39",3,1,3,0.0010761100314018
"39",4,1,6,-0.000633789809910363
"39",5,1,6,-0.000633789809910363
"39",6,1,6,-0.000633789809910363
"39",8,1,6,-0.000633789809910363
"39",9,1,6,-0.000633789809910363
"39",10,1,9,-0.00213292207366416
"39",11,1,9,-0.00213292207366416
"39",12,1,9,-0.00213292207366416
"39",14,1,9,-0.00213292207366416
"39",15,1,9,-0.00213292207366416
"39",16,1,12,-0.00292562498155305
"39",17,1,12,-0.00292562498155305
"39",18,1,12,-0.00292562498155305
"39",19,1,12,-0.00292562498155305
"39",20,1,15,-0.0019645927945847
"39",23,1,15,-0.0019645927945847
"39",24,1,15,-0.0019645927945847
"39",25,1,18,-0.00171948917669768
"39",26,1,18,-0.00171948917669768
"39",27,1,21,-0.000716554944267311
"39",28,1,21,-0.000716554944267311
"39",29,1,24,-0.00106431059499319
"39",30,1,3,0.0010761100314018
"39",7,0,15,-0.0019645927945847
"39",13,0,3,0.0010761100314018
"39",21,0,6,-0.000633789809910363
"39",22,0,3,0.0010761100314018
"40",1,1,3,-0.00137086443048777
"40",2,1,3,-0.00137086443048777
"40",3,1,3,-0.00137086443048777
"40",4,1,6,-0.00236123518296667
"40",5,1,6,-0.00236123518296667
"40",6,1,6,-0.00236123518296667
"40",7,1,6,-0.00236123518296667
"40",8,1,6,-0.00236123518296667
"40",9,1,9,-0.000720307587777682
"40",10,1,9,-0.000720307587777682
"40",12,1,9,-0.000720307587777682
"40",13,1,9,-0.000720307587777682
"40",14,1,9,-0.000720307587777682
"40",15,1,12,0.00102910267727876
"40",16,1,12,0.00102910267727876
"40",17,1,12,0.00102910267727876
"40",18,1,12,0.00102910267727876
"40",19,1,15,0.000802861326974975
"40",20,1,15,0.000802861326974975
"40",21,1,15,0.000802861326974975
"40",22,1,18,-0.000646414227223134
"40",25,1,18,-0.000646414227223134
"40",26,1,21,2.19170482184581e-05
"40",27,1,21,2.19170482184581e-05
"40",28,1,24,-2.68778708877013e-05
"40",29,1,3,-0.00137086443048777
"40",30,1,3,-0.00137086443048777
"40",11,0,12,0.00102910267727876
"40",23,0,12,0.00102910267727876
"40",24,0,6,-0.00236123518296667
"41",1,1,3,-0.00216675757088885
"41",2,1,3,-0.00216675757088885
"41",3,1,3,-0.00216675757088885
"41",4,1,6,0.00151742407596098
"41",6,1,6,0.00151742407596098
"41",7,1,6,0.00151742407596098
"41",8,1,6,0.00151742407596098
"41",10,1,6,0.00151742407596098
"41",11,1,9,-0.00124951423341584
"41",12,1,9,-0.00124951423341584
"41",13,1,9,-0.00124951423341584
"41",14,1,9,-0.00124951423341584
"41",15,1,9,-0.00124951423341584
"41",17,1,12,-0.00209048052700209
"41",18,1,12,-0.00209048052700209
"41",19,1,12,-0.00209048052700209
"41",20,1,12,-0.00209048052700209
"41",21,1,15,-0.00205715709295755
"41",22,1,15,-0.00205715709295755
"41",23,1,15,-0.00205715709295755
"41",24,1,18,-0.00154539206243782
"41",25,1,18,-0.00154539206243782
"41",26,1,21,-0.00205544584680085
"41",27,1,21,-0.00205544584680085
"41",28,1,24,-0.001111581251208
"41",29,1,3,-0.00216675757088885
"41",30,1,3,-0.00216675757088885
"41",5,0,12,-0.00209048052700209
"41",9,0,21,-0.00205544584680085
"41",16,0,15,-0.00205715709295755
"42",1,1,3,0.00520631703797579
"42",2,1,3,0.00520631703797579
"42",3,1,3,0.00520631703797579
"42",4,1,6,0.000740379605314811
"42",5,1,6,0.000740379605314811
"42",6,1,6,0.000740379605314811
"42",7,1,6,0.000740379605314811
"42",8,1,6,0.000740379605314811
"42",9,1,9,0.00458091895627382
"42",11,1,9,0.00458091895627382
"42",12,1,9,0.00458091895627382
"42",14,1,9,0.00458091895627382
"42",15,1,9,0.00458091895627382
"42",16,1,12,-0.0001470899307388
"42",18,1,12,-0.0001470899307388
"42",19,1,12,-0.0001470899307388
"42",20,1,12,-0.0001470899307388
"42",21,1,15,-0.000517629806456567
"42",23,1,15,-0.000517629806456567
"42",24,1,15,-0.000517629806456567
"42",25,1,18,-0.00013585262263458
"42",26,1,18,-0.00013585262263458
"42",27,1,21,-0.000671535044293249
"42",28,1,21,-0.000671535044293249
"42",29,1,24,-0.000380406169140852
"42",30,1,3,0.00520631703797579
"42",10,0,15,-0.000517629806456567
"42",13,0,3,0.00520631703797579
"42",17,0,12,-0.0001470899307388
"42",22,0,9,0.00458091895627382
"43",1,1,3,-0.00271217989626707
"43",2,1,3,-0.00271217989626707
"43",4,1,3,-0.00271217989626707
"43",5,1,6,-0.000902761079284602
"43",6,1,6,-0.000902761079284602
"43",7,1,6,-0.000902761079284602
"43",8,1,6,-0.000902761079284602
"43",9,1,6,-0.000902761079284602
"43",10,1,9,-0.00194108714569706
"43",11,1,9,-0.00194108714569706
"43",12,1,9,-0.00194108714569706
"43",13,1,9,-0.00194108714569706
"43",14,1,9,-0.00194108714569706
"43",15,1,12,-0.00057964319024497
"43",16,1,12,-0.00057964319024497
"43",17,1,12,-0.00057964319024497
"43",18,1,12,-0.00057964319024497
"43",19,1,15,0.000903464737233842
"43",20,1,15,0.000903464737233842
"43",21,1,15,0.000903464737233842
"43",22,1,18,-0.000512921956522286
"43",24,1,18,-0.000512921956522286
"43",25,1,21,-0.000601170092223596
"43",27,1,21,-0.000601170092223596
"43",28,1,24,-0.00122366849756824
"43",29,1,3,-0.00271217989626707
"43",30,1,3,-0.00271217989626707
"43",3,0,12,-0.00057964319024497
"43",23,0,24,-0.00122366849756824
"43",26,0,9,-0.00194108714569706
"44",1,1,3,0.00882454131200001
"44",4,1,3,0.00882454131200001
"44",5,1,3,0.00882454131200001
"44",6,1,6,0.00532519565932008
"44",7,1,6,0.00532519565932008
"44",8,1,6,0.00532519565932008
"44",9,1,6,0.00532519565932008
"44",10,1,6,0.00532519565932008
"44",11,1,9,0.00317247190484725
"44",12,1,9,0.00317247190484725
"44",13,1,9,0.00317247190484725
"44",14,1,9,0.00317247190484725
"44",15,1,9,0.00317247190484725
"44",16,1,12,-0.000444599770890494
"44",17,1,12,-0.000444599770890494
"44",18,1,12,-0.000444599770890494
"44",19,1,12,-0.000444599770890494
"44",20,1,15,-0.000308332450544252
"44",21,1,15,-0.000308332450544252
"44",22,1,15,-0.000308332450544252
"44",23,1,18,-0.00178020650744793
"44",24,1,18,-0.00178020650744793
"44",25,1,21,-0.00256389524543313
"44",27,1,21,-0.00256389524543313
"44",28,1,24,-0.000780997034397727
"44",29,1,3,0.00882454131200001
"44",30,1,3,0.00882454131200001
"44",2,0,3,0.00882454131200001
"44",3,0,21,-0.00256389524543313
"44",26,0,15,-0.000308332450544252
"45",1,1,3,-0.0131144392385041
"45",2,1,3,-0.0131144392385041
"45",3,1,3,-0.0131144392385041
"45",4,1,6,-0.0104700822246248
"45",5,1,6,-0.0104700822246248
"45",6,1,6,-0.0104700822246248
"45",7,1,6,-0.0104700822246248
"45",8,1,6,-0.0104700822246248
"45",9,1,9,-0.00490715458422194
"45",10,1,9,-0.00490715458422194
"45",11,1,9,-0.00490715458422194
"45",12,1,9,-0.00490715458422194
"45",13,1,9,-0.00490715458422194
"45",14,1,12,-0.00160985209005634
"45",15,1,12,-0.00160985209005634
"45",16,1,12,-0.00160985209005634
"45",17,1,12,-0.00160985209005634
"45",18,1,15,-0.000777106873306106
"45",20,1,15,-0.000777106873306106
"45",21,1,15,-0.000777106873306106
"45",22,1,18,-0.000556552705251705
"45",23,1,18,-0.000556552705251705
"45",24,1,21,-0.000540042362231641
"45",25,1,21,-0.000540042362231641
"45",26,1,24,-0.000340742132972346
"45",27,1,3,-0.0131144392385041
"45",28,1,3,-0.0131144392385041
"45",29,1,3,-0.0131144392385041
"45",30,1,6,-0.0104700822246248
"45",19,0,3,-0.0131144392385041
"46",1,1,3,-0.00890411642935542
"46",2,1,3,-0.00890411642935542
"46",3,1,3,-0.00890411642935542
"46",5,1,6,-0.00633998477894131
"46",6,1,6,-0.00633998477894131
"46",7,1,6,-0.00633998477894131
"46",8,1,6,-0.00633998477894131
"46",9,1,6,-0.00633998477894131
"46",10,1,9,-0.005273553885173
"46",11,1,9,-0.005273553885173
"46",12,1,9,-0.005273553885173
"46",13,1,9,-0.005273553885173
"46",14,1,9,-0.005273553885173
"46",15,1,12,-0.000224442065067347
"46",16,1,12,-0.000224442065067347
"46",17,1,12,-0.000224442065067347
"46",18,1,12,-0.000224442065067347
"46",19,1,15,-0.000926069915138804
"46",20,1,15,-0.000926069915138804
"46",21,1,15,-0.000926069915138804
"46",22,1,18,-0.00101942383518408
"46",23,1,18,-0.00101942383518408
"46",24,1,21,-0.00128587687889411
"46",25,1,21,-0.00128587687889411
"46",26,1,24,-7.60590408698922e-05
"46",27,1,3,-0.00890411642935542
"46",28,1,3,-0.00890411642935542
"46",29,1,3,-0.00890411642935542
"46",30,1,6,-0.00633998477894131
"46",4,0,24,-7.60590408698922e-05
"47",1,1,3,2.9823180981699e-05
"47",2,1,3,2.9823180981699e-05
"47",3,1,3,2.9823180981699e-05
"47",4,1,6,0.000917046321654224
"47",5,1,6,0.000917046321654224
"47",6,1,6,0.000917046321654224
"47",7,1,6,0.000917046321654224
"47",8,1,6,0.000917046321654224
"47",9,1,9,0.00159272218532793
"47",10,1,9,0.00159272218532793
"47",11,1,9,0.00159272218532793
"47",13,1,9,0.00159272218532793
"47",14,1,9,0.00159272218532793
"47",15,1,12,-1.29272825722601e-05
"47",16,1,12,-1.29272825722601e-05
"47",17,1,12,-1.29272825722601e-05
"47",18,1,12,-1.29272825722601e-05
"47",19,1,15,1.43658424066467e-05
"47",20,1,15,1.43658424066467e-05
"47",21,1,15,1.43658424066467e-05
"47",22,1,18,-0.00077833714965929
"47",23,1,18,-0.00077833714965929
"47",24,1,21,-0.0014190307546874
"47",25,1,21,-0.0014190307546874
"47",26,1,24,-0.00164602204798509
"47",27,1,3,2.9823180981699e-05
"47",28,1,3,2.9823180981699e-05
"47",29,1,3,2.9823180981699e-05
"47",30,1,6,0.000917046321654224
"47",12,0,24,-0.00164602204798509
"48",1,1,3,0.000323374867573242
"48",2,1,3,0.000323374867573242
"48",4,1,3,0.000323374867573242
"48",5,1,6,-0.00225512840953116
"48",6,1,6,-0.00225512840953116
"48",7,1,6,-0.00225512840953116
"48",8,1,6,-0.00225512840953116
"48",9,1,6,-0.00225512840953116
"48",10,1,9,0.000821801442189846
"48",11,1,9,0.000821801442189846
"48",12,1,9,0.000821801442189846
"48",14,1,9,0.000821801442189846
"48",15,1,9,0.000821801442189846
"48",16,1,12,0.00114232973422339
"48",17,1,12,0.00114232973422339
"48",18,1,12,0.00114232973422339
"48",19,1,12,0.00114232973422339
"48",20,1,15,0.00126938138083546
"48",21,1,15,0.00126938138083546
"48",22,1,15,0.00126938138083546
"48",23,1,18,-0.000929487988736582
"48",24,1,18,-0.000929487988736582
"48",25,1,21,-0.000108587732298303
"48",26,1,21,-0.000108587732298303
"48",27,1,24,-0.00099018026244991
"48",28,1,3,0.000323374867573242
"48",29,1,3,0.000323374867573242
"48",30,1,3,0.000323374867573242
"48",3,0,6,-0.00225512840953116
"48",13,0,9,0.000821801442189846
"49",1,1,3,-0.00611408589789164
"49",2,1,3,-0.00611408589789164
"49",3,1,3,-0.00611408589789164
"49",5,1,6,-0.00252401998232583
"49",6,1,6,-0.00252401998232583
"49",8,1,6,-0.00252401998232583
"49",9,1,6,-0.00252401998232583
"49",10,1,6,-0.00252401998232583
"49",12,1,9,-0.000297836567398252
"49",13,1,9,-0.000297836567398252
"49",14,1,9,-0.000297836567398252
"49",15,1,9,-0.000297836567398252
"49",16,1,9,-0.000297836567398252
"49",17,1,12,0.000563699050031918
"49",18,1,12,0.000563699050031918
"49",19,1,12,0.000563699050031918
"49",20,1,12,0.000563699050031918
"49",21,1,15,0.000139767224798195
"49",22,1,15,0.000139767224798195
"49",23,1,15,0.000139767224798195
"49",24,1,18,0.00020684884370921
"49",25,1,18,0.00020684884370921
"49",26,1,21,-0.000160845141011526
"49",27,1,21,-0.000160845141011526
"49",29,1,24,-0.000633942485067913
"49",30,1,3,-0.00611408589789164
"49",4,0,18,0.00020684884370921
"49",7,0,9,-0.000297836567398252
"49",11,0,18,0.00020684884370921
"49",28,0,3,-0.00611408589789164
"50",1,1,3,-0.000381054678282384
"50",2,1,3,-0.000381054678282384
"50",3,1,3,-0.000381054678282384
"50",4,1,6,-0.0068920259571188
"50",5,1,6,-0.0068920259571188
"50",6,1,6,-0.0068920259571188
"50",7,1,6,-0.0068920259571188
"50",8,1,6,-0.0068920259571188
"50",9,1,9,-0.00590643844677566
"50",10,1,9,-0.00590643844677566
"50",11,1,9,-0.00590643844677566
"50",12,1,9,-0.00590643844677566
"50",14,1,9,-0.00590643844677566
"50",16,1,12,-0.00622188823138123
"50",17,1,12,-0.00622188823138123
"50",18,1,12,-0.00622188823138123
"50",19,1,12,-0.00622188823138123
"50",20,1,15,-0.00441664352216215
"50",21,1,15,-0.00441664352216215
"50",22,1,15,-0.00441664352216215
"50",23,1,18,-0.00363532303048471
"50",24,1,18,-0.00363532303048471
"50",25,1,21,-0.00257633926062651
"50",26,1,21,-0.00257633926062651
"50",27,1,24,-0.00179043355277678
"50",28,1,3,-0.000381054678282384
"50",29,1,3,-0.000381054678282384
"50",13,0,21,-0.00257633926062651
"50",15,0,21,-0.00257633926062651
"50",30,0,18,-0.00363532303048471
"51",1,1,3,-0.00235938506184521
"51",2,1,3,-0.00235938506184521
"51",3,1,3,-0.00235938506184521
"51",6,1,6,-0.00510038698974129
"51",7,1,6,-0.00510038698974129
"51",8,1,6,-0.00510038698974129
"51",9,1,6,-0.00510038698974129
"51",10,1,6,-0.00510038698974129
"51",11,1,9,-0.00341646571409813
"51",12,1,9,-0.00341646571409813
"51",13,1,9,-0.00341646571409813
"51",15,1,9,-0.00341646571409813
"51",16,1,9,-0.00341646571409813
"51",17,1,12,-0.00187990309207827
"51",18,1,12,-0.00187990309207827
"51",19,1,12,-0.00187990309207827
"51",20,1,12,-0.00187990309207827
"51",21,1,15,-7.93195612803282e-05
"51",22,1,15,-7.93195612803282e-05
"51",23,1,15,-7.93195612803282e-05
"51",24,1,18,0.000821904327207304
"51",25,1,18,0.000821904327207304
"51",26,1,21,-0.000175926117066402
"51",27,1,21,-0.000175926117066402
"51",29,1,24,-0.00145258450899741
"51",30,1,3,-0.00235938506184521
"51",4,0,3,-0.00235938506184521
"51",5,0,21,-0.000175926117066402
"51",14,0,18,0.000821904327207304
"51",28,0,6,-0.00510038698974129
"52",1,1,3,-0.00211351286149149
"52",2,1,3,-0.00211351286149149
"52",3,1,3,-0.00211351286149149
"52",4,1,6,-0.00256365808752851
"52",5,1,6,-0.00256365808752851
"52",6,1,6,-0.00256365808752851
"52",7,1,6,-0.00256365808752851
"52",8,1,6,-0.00256365808752851
"52",9,1,9,-0.0043825291283224
"52",10,1,9,-0.0043825291283224
"52",11,1,9,-0.0043825291283224
"52",12,1,9,-0.0043825291283224
"52",13,1,9,-0.0043825291283224
"52",14,1,12,-0.00201171179248755
"52",15,1,12,-0.00201171179248755
"52",16,1,12,-0.00201171179248755
"52",17,1,12,-0.00201171179248755
"52",18,1,15,-0.00125505297494981
"52",20,1,15,-0.00125505297494981
"52",21,1,15,-0.00125505297494981
"52",22,1,18,0.000498413605853422
"52",23,1,18,0.000498413605853422
"52",24,1,21,0.000762625117081127
"52",25,1,21,0.000762625117081127
"52",26,1,24,0.000467719153683165
"52",27,1,3,-0.00211351286149149
"52",28,1,3,-0.00211351286149149
"52",29,1,3,-0.00211351286149149
"52",30,1,6,-0.00256365808752851
"52",19,0,9,-0.0043825291283224
"53",1,1,3,0.00224201536966609
"53",2,1,3,0.00224201536966609
"53",3,1,3,0.00224201536966609
"53",4,1,6,0.000205643709135373
"53",5,1,6,0.000205643709135373
"53",7,1,6,0.000205643709135373
"53",8,1,6,0.000205643709135373
"53",9,1,6,0.000205643709135373
"53",10,1,9,0.00148175434547202
"53",11,1,9,0.00148175434547202
"53",12,1,9,0.00148175434547202
"53",13,1,9,0.00148175434547202
"53",14,1,9,0.00148175434547202
"53",15,1,12,0.00380811560798976
"53",17,1,12,0.00380811560798976
"53",18,1,12,0.00380811560798976
"53",19,1,12,0.00380811560798976
"53",20,1,15,0.00245527804343976
"53",21,1,15,0.00245527804343976
"53",22,1,15,0.00245527804343976
"53",23,1,18,0.00185366263520529
"53",25,1,18,0.00185366263520529
"53",26,1,21,0.000733447322684738
"53",28,1,21,0.000733447322684738
"53",30,1,24,0.000849753069603933
"53",6,0,24,0.000849753069603933
"53",16,0,24,0.000849753069603933
"53",24,0,6,0.000205643709135373
"53",27,0,12,0.00380811560798976
"53",29,0,9,0.00148175434547202
"54",1,1,3,0.00599306178997869
"54",2,1,3,0.00599306178997869
"54",3,1,3,0.00599306178997869
"54",4,1,6,-0.000411457907701153
"54",5,1,6,-0.000411457907701153
"54",6,1,6,-0.000411457907701153
"54",7,1,6,-0.000411457907701153
"54",8,1,6,-0.000411457907701153
"54",9,1,9,-0.00112531314792023
"54",10,1,9,-0.00112531314792023
"54",11,1,9,-0.00112531314792023
"54",14,1,9,-0.00112531314792023
"54",15,1,9,-0.00112531314792023
"54",16,1,12,6.68428367063014e-05
"54",17,1,12,6.68428367063014e-05
"54",18,1,12,6.68428367063014e-05
"54",19,1,12,6.68428367063014e-05
"54",20,1,15,-0.000200756924930252
"54",21,1,15,-0.000200756924930252
"54",22,1,15,-0.000200756924930252
"54",23,1,18,-2.20872769961181e-05
"54",24,1,18,-2.20872769961181e-05
"54",25,1,21,0.000854825682686299
"54",26,1,21,0.000854825682686299
"54",27,1,24,0.0019114365750887
"54",28,1,3,0.00599306178997869
"54",29,1,3,0.00599306178997869
"54",30,1,3,0.00599306178997869
"54",12,0,18,-2.20872769961181e-05
"54",13,0,21,0.000854825682686299
"55",1,1,3,-0.00895380359932687
"55",2,1,3,-0.00895380359932687
"55",3,1,3,-0.00895380359932687
"55",4,1,6,-0.00441586700466005
"55",5,1,6,-0.00441586700466005
"55",6,1,6,-0.00441586700466005
"55",7,1,6,-0.00441586700466005
"55",8,1,6,-0.00441586700466005
"55",9,1,9,-0.00270450071883874
"55",10,1,9,-0.00270450071883874
"55",11,1,9,-0.00270450071883874
"55",12,1,9,-0.00270450071883874
"55",13,1,9,-0.00270450071883874
"55",14,1,12,-0.00143394029585551
"55",15,1,12,-0.00143394029585551
"55",17,1,12,-0.00143394029585551
"55",18,1,12,-0.00143394029585551
"55",19,1,15,2.37692090418265e-05
"55",20,1,15,2.37692090418265e-05
"55",21,1,15,2.37692090418265e-05
"55",22,1,18,0.00080907266422804
"55",23,1,18,0.00080907266422804
"55",25,1,21,-6.49087487706458e-05
"55",26,1,21,-6.49087487706458e-05
"55",27,1,24,0.0007640417911692
"55",28,1,3,-0.00895380359932687
"55",29,1,3,-0.00895380359932687
"55",30,1,3,-0.00895380359932687
"55",16,0,9,-0.00270450071883874
"55",24,0,9,-0.00270450071883874
"56",1,1,3,-0.00389008491630988
"56",2,1,3,-0.00389008491630988
"56",3,1,3,-0.00389008491630988
"56",5,1,6,0.0024397265471013
"56",6,1,6,0.0024397265471013
"56",7,1,6,0.0024397265471013
"56",8,1,6,0.0024397265471013
"56",9,1,6,0.0024397265471013
"56",10,1,9,0.00432007118575183
"56",11,1,9,0.00432007118575183
"56",12,1,9,0.00432007118575183
"56",13,1,9,0.00432007118575183
"56",14,1,9,0.00432007118575183
"56",15,1,12,0.0061592433056847
"56",16,1,12,0.0061592433056847
"56",18,1,12,0.0061592433056847
"56",19,1,12,0.0061592433056847
"56",20,1,15,0.00452791031396334
"56",21,1,15,0.00452791031396334
"56",22,1,15,0.00452791031396334
"56",23,1,18,0.00338970753077208
"56",24,1,18,0.00338970753077208
"56",25,1,21,0.00307274217090422
"56",28,1,21,0.00307274217090422
"56",29,1,24,0.0018253442910424
"56",30,1,3,-0.00389008491630988
"56",4,0,6,0.0024397265471013
"56",17,0,18,0.00338970753077208
"56",26,0,12,0.0061592433056847
"56",27,0,24,0.0018253442910424
"57",1,1,3,-0.00636167115309094
"57",2,1,3,-0.00636167115309094
"57",3,1,3,-0.00636167115309094
"57",4,1,6,-0.00636526504151526
"57",5,1,6,-0.00636526504151526
"57",6,1,6,-0.00636526504151526
"57",7,1,6,-0.00636526504151526
"57",8,1,6,-0.00636526504151526
"57",9,1,9,-0.00450277354519137
"57",10,1,9,-0.00450277354519137
"57",13,1,9,-0.00450277354519137
"57",14,1,9,-0.00450277354519137
"57",15,1,9,-0.00450277354519137
"57",16,1,12,-0.00358235337590456
"57",17,1,12,-0.00358235337590456
"57",18,1,12,-0.00358235337590456
"57",19,1,12,-0.00358235337590456
"57",20,1,15,-0.00185449938540376
"57",21,1,15,-0.00185449938540376
"57",22,1,15,-0.00185449938540376
"57",23,1,18,-0.00291404008887382
"57",24,1,18,-0.00291404008887382
"57",25,1,21,-0.00340520244775516
"57",27,1,21,-0.00340520244775516
"57",28,1,24,-0.00214702594512412
"57",29,1,3,-0.00636167115309094
"57",11,0,18,-0.00291404008887382
"57",12,0,9,-0.00450277354519137
"57",26,0,21,-0.00340520244775516
"57",30,0,6,-0.00636526504151526
"58",1,1,3,-0.000755651051648951
"58",2,1,3,-0.000755651051648951
"58",3,1,3,-0.000755651051648951
"58",4,1,6,-0.00172461625015714
"58",5,1,6,-0.00172461625015714
"58",6,1,6,-0.00172461625015714
"58",7,1,6,-0.00172461625015714
"58",8,1,6,-0.00172461625015714
"58",9,1,9,-0.00211452983638488
"58",10,1,9,-0.00211452983638488
"58",11,1,9,-0.00211452983638488
"58",12,1,9,-0.00211452983638488
"58",13,1,9,-0.00211452983638488
"58",14,1,12,-0.00312095127085007
"58",15,1,12,-0.00312095127085007
"58",16,1,12,-0.00312095127085007
"58",17,1,12,-0.00312095127085007
"58",18,1,15,-0.00300936330721693
"58",19,1,15,-0.00300936330721693
"58",20,1,15,-0.00300936330721693
"58",21,1,18,-0.00108238104264195
"58",22,1,18,-0.00108238104264195
"58",23,1,21,-0.0021387287255189
"58",24,1,21,-0.0021387287255189
"58",26,1,24,-0.00150541931150171
"58",27,1,3,-0.000755651051648951
"58",29,1,3,-0.000755651051648951
"58",25,0,9,-0.00211452983638488
"58",28,0,3,-0.000755651051648951
"58",30,0,9,-0.00211452983638488
"59",1,1,3,-0.00388037195965158
"59",2,1,3,-0.00388037195965158
"59",3,1,3,-0.00388037195965158
"59",4,1,6,-0.00423101062324931
"59",5,1,6,-0.00423101062324931
"59",6,1,6,-0.00423101062324931
"59",7,1,6,-0.00423101062324931
"59",8,1,6,-0.00423101062324931
"59",9,1,9,-0.00525131835294291
"59",10,1,9,-0.00525131835294291
"59",11,1,9,-0.00525131835294291
"59",12,1,9,-0.00525131835294291
"59",13,1,9,-0.00525131835294291
"59",14,1,12,-0.00200006912972244
"59",15,1,12,-0.00200006912972244
"59",16,1,12,-0.00200006912972244
"59",17,1,12,-0.00200006912972244
"59",18,1,15,-0.000702120440074275
"59",20,1,15,-0.000702120440074275
"59",21,1,15,-0.000702120440074275
"59",22,1,18,-0.000221588598417524
"59",23,1,18,-0.000221588598417524
"59",24,1,21,-0.00144728095657108
"59",25,1,21,-0.00144728095657108
"59",26,1,24,-0.00183991141222215
"59",27,1,3,-0.00388037195965158
"59",28,1,3,-0.00388037195965158
"59",29,1,3,-0.00388037195965158
"59",30,1,6,-0.00423101062324931
"59",19,0,21,-0.00144728095657108
"60",1,1,3,0.00647191925460539
"60",2,1,3,0.00647191925460539
"60",3,1,3,0.00647191925460539
"60",4,1,6,-0.000233919120906823
"60",5,1,6,-0.000233919120906823
"60",6,1,6,-0.000233919120906823
"60",7,1,6,-0.000233919120906823
"60",9,1,6,-0.000233919120906823
"60",10,1,9,-0.00234163351727218
"60",12,1,9,-0.00234163351727218
"60",13,1,9,-0.00234163351727218
"60",14,1,9,-0.00234163351727218
"60",15,1,9,-0.00234163351727218
"60",16,1,12,-0.00231666819691205
"60",17,1,12,-0.00231666819691205
"60",18,1,12,-0.00231666819691205
"60",19,1,12,-0.00231666819691205
"60",20,1,15,-0.00290688014750485
"60",21,1,15,-0.00290688014750485
"60",22,1,15,-0.00290688014750485
"60",23,1,18,-0.00315343039298303
"60",25,1,18,-0.00315343039298303
"60",27,1,21,-0.00230405199517732
"60",28,1,21,-0.00230405199517732
"60",30,1,24,-0.000891829961735332
"60",8,0,6,-0.000233919120906823
"60",11,0,3,0.00647191925460539
"60",24,0,9,-0.00234163351727218
"60",26,0,24,-0.000891829961735332
"60",29,0,18,-0.00315343039298303
"61",1,1,3,0.00332555055602436
"61",2,1,3,0.00332555055602436
"61",3,1,3,0.00332555055602436
"61",4,1,6,-0.00243553068586736
"61",5,1,6,-0.00243553068586736
"61",6,1,6,-0.00243553068586736
"61",7,1,6,-0.00243553068586736
"61",8,1,6,-0.00243553068586736
"61",9,1,6,-0.00243553068586736
"61",10,1,9,-0.00191412401433191
"61",11,1,9,-0.00191412401433191
"61",12,1,9,-0.00191412401433191
"61",13,1,9,-0.00191412401433191
"61",14,1,9,-0.00191412401433191
"61",15,1,9,-0.00191412401433191
"61",16,1,12,-0.00372824705085753
"61",17,1,12,-0.00372824705085753
"61",18,1,12,-0.00372824705085753
"61",19,1,12,-0.00372824705085753
"61",20,1,12,-0.00372824705085753
"61",21,1,15,-0.00026811556028828
"61",22,1,15,-0.00026811556028828
"61",23,1,15,-0.00026811556028828
"61",24,1,18,0.000292145741908531
"61",25,1,18,0.000292145741908531
"61",26,1,18,0.000292145741908531
"61",27,1,21,1.79179441249384e-05
"61",28,1,21,1.79179441249384e-05
"61",29,1,21,1.79179441249384e-05
"61",30,1,24,0.000772885693362662
"62",1,1,3,0.00271565465642112
"62",2,1,3,0.00271565465642112
"62",4,1,3,0.00271565465642112
"62",5,1,6,-0.00112834490525613
"62",6,1,6,-0.00112834490525613
"62",7,1,6,-0.00112834490525613
"62",8,1,6,-0.00112834490525613
"62",9,1,6,-0.00112834490525613
"62",10,1,9,-0.000425230558209025
"62",11,1,9,-0.000425230558209025
"62",12,1,9,-0.000425230558209025
"62",13,1,9,-0.000425230558209025
"62",14,1,9,-0.000425230558209025
"62",15,1,12,-0.00103090502212174
"62",16,1,12,-0.00103090502212174
"62",17,1,12,-0.00103090502212174
"62",18,1,12,-0.00103090502212174
"62",19,1,15,-0.000733062853556006
"62",20,1,15,-0.000733062853556006
"62",21,1,15,-0.000733062853556006
"62",22,1,18,-0.000757219853685471
"62",23,1,18,-0.000757219853685471
"62",24,1,21,-0.00104313595630649
"62",25,1,21,-0.00104313595630649
"62",26,1,24,-0.00130918244906305
"62",27,1,3,0.00271565465642112
"62",28,1,3,0.00271565465642112
"62",29,1,3,0.00271565465642112
"62",30,1,6,-0.00112834490525613
"62",3,0,15,-0.000733062853556006
"63",1,1,3,-0.00191579246979474
"63",2,1,3,-0.00191579246979474
"63",3,1,3,-0.00191579246979474
"63",4,1,6,-0.00193760181552814
"63",5,1,6,-0.00193760181552814
"63",6,1,6,-0.00193760181552814
"63",7,1,6,-0.00193760181552814
"63",8,1,6,-0.00193760181552814
"63",9,1,9,0.000532276039157561
"63",10,1,9,0.000532276039157561
"63",12,1,9,0.000532276039157561
"63",13,1,9,0.000532276039157561
"63",14,1,9,0.000532276039157561
"63",15,1,12,-0.00341078775359845
"63",16,1,12,-0.00341078775359845
"63",17,1,12,-0.00341078775359845
"63",18,1,12,-0.00341078775359845
"63",19,1,15,-0.00322222559898471
"63",20,1,15,-0.00322222559898471
"63",21,1,15,-0.00322222559898471
"63",22,1,18,-0.00337012685488626
"63",23,1,18,-0.00337012685488626
"63",24,1,21,-0.00260209360340104
"63",25,1,21,-0.00260209360340104
"63",26,1,24,-0.00130126488614111
"63",27,1,3,-0.00191579246979474
"63",28,1,3,-0.00191579246979474
"63",29,1,3,-0.00191579246979474
"63",30,1,6,-0.00193760181552814
"63",11,0,6,-0.00193760181552814
"64",1,1,3,-0.00749615577641651
"64",2,1,3,-0.00749615577641651
"64",3,1,3,-0.00749615577641651
"64",4,1,6,-0.00839334795970854
"64",5,1,6,-0.00839334795970854
"64",6,1,6,-0.00839334795970854
"64",7,1,6,-0.00839334795970854
"64",8,1,6,-0.00839334795970854
"64",9,1,9,-0.00838779005805505
"64",10,1,9,-0.00838779005805505
"64",11,1,9,-0.00838779005805505
"64",12,1,9,-0.00838779005805505
"64",13,1,9,-0.00838779005805505
"64",14,1,12,-0.00439676385478019
"64",15,1,12,-0.00439676385478019
"64",16,1,12,-0.00439676385478019
"64",17,1,12,-0.00439676385478019
"64",18,1,15,-0.00302370912164475
"64",19,1,15,-0.00302370912164475
"64",20,1,15,-0.00302370912164475
"64",21,1,18,-0.00150935221150999
"64",23,1,18,-0.00150935221150999
"64",24,1,21,-0.00144917535397584
"64",25,1,21,-0.00144917535397584
"64",26,1,24,-0.0030533057034564
"64",27,1,3,-0.00749615577641651
"64",28,1,3,-0.00749615577641651
"64",29,1,3,-0.00749615577641651
"64",30,1,6,-0.00839334795970854
"64",22,0,24,-0.0030533057034564
"65",1,1,3,0.0107183136846566
"65",2,1,3,0.0107183136846566
"65",3,1,3,0.0107183136846566
"65",4,1,6,-6.14561033819531e-05
"65",5,1,6,-6.14561033819531e-05
"65",6,1,6,-6.14561033819531e-05
"65",7,1,6,-6.14561033819531e-05
"65",8,1,6,-6.14561033819531e-05
"65",10,1,9,-0.00268578973719319
"65",11,1,9,-0.00268578973719319
"65",12,1,9,-0.00268578973719319
"65",13,1,9,-0.00268578973719319
"65",14,1,9,-0.00268578973719319
"65",15,1,12,-0.0039198170518062
"65",16,1,12,-0.0039198170518062
"65",17,1,12,-0.0039198170518062
"65",18,1,12,-0.0039198170518062
"65",19,1,15,-0.00220203650093864
"65",20,1,15,-0.00220203650093864
"65",21,1,15,-0.00220203650093864
"65",22,1,18,-0.00260215479542156
"65",23,1,18,-0.00260215479542156
"65",24,1,21,-0.00189936089703485
"65",26,1,21,-0.00189936089703485
"65",27,1,24,-0.00222126112590405
"65",28,1,3,0.0107183136846566
"65",29,1,3,0.0107183136846566
"65",30,1,3,0.0107183136846566
"65",9,0,15,-0.00220203650093864
"65",25,0,3,0.0107183136846566
"66",1,1,3,-0.000790412893564006
"66",2,1,3,-0.000790412893564006
"66",3,1,3,-0.000790412893564006
"66",4,1,6,-0.00393260467379919
"66",5,1,6,-0.00393260467379919
"66",6,1,6,-0.00393260467379919
"66",7,1,6,-0.00393260467379919
"66",8,1,6,-0.00393260467379919
"66",9,1,9,-5.05472333595219e-05
"66",11,1,9,-5.05472333595219e-05
"66",12,1,9,-5.05472333595219e-05
"66",13,1,9,-5.05472333595219e-05
"66",14,1,9,-5.05472333595219e-05
"66",15,1,12,0.00106064592724767
"66",16,1,12,0.00106064592724767
"66",17,1,12,0.00106064592724767
"66",19,1,12,0.00106064592724767
"66",20,1,15,0.000186706655281693
"66",21,1,15,0.000186706655281693
"66",22,1,15,0.000186706655281693
"66",24,1,18,0.000518471455812119
"66",25,1,18,0.000518471455812119
"66",26,1,21,0.000449103253941894
"66",27,1,21,0.000449103253941894
"66",28,1,24,-0.000530000334022464
"66",29,1,3,-0.000790412893564006
"66",30,1,3,-0.000790412893564006
"66",10,0,18,0.000518471455812119
"66",18,0,18,0.000518471455812119
"66",23,0,24,-0.000530000334022464
"67",1,1,3,0.00379233952011933
"67",2,1,3,0.00379233952011933
"67",3,1,3,0.00379233952011933
"67",4,1,6,0.00242135676208222
"67",5,1,6,0.00242135676208222
"67",6,1,6,0.00242135676208222
"67",7,1,6,0.00242135676208222
"67",8,1,6,0.00242135676208222
"67",9,1,9,-2.2581770793099e-06
"67",10,1,9,-2.2581770793099e-06
"67",11,1,9,-2.2581770793099e-06
"67",12,1,9,-2.2581770793099e-06
"67",13,1,9,-2.2581770793099e-06
"67",14,1,12,0.000161219135896003
"67",15,1,12,0.000161219135896003
"67",16,1,12,0.000161219135896003
"67",18,1,12,0.000161219135896003
"67",19,1,15,0.000567024383855445
"67",20,1,15,0.000567024383855445
"67",21,1,15,0.000567024383855445
"67",22,1,18,-0.000958160959640827
"67",23,1,18,-0.000958160959640827
"67",24,1,21,-0.000720510919032644
"67",25,1,21,-0.000720510919032644
"67",26,1,24,-0.00191753644600147
"67",27,1,3,0.00379233952011933
"67",28,1,3,0.00379233952011933
"67",29,1,3,0.00379233952011933
"67",17,0,12,0.000161219135896003
"67",30,0,3,0.00379233952011933
"68",1,1,3,-0.0111393639975221
"68",2,1,3,-0.0111393639975221
"68",4,1,3,-0.0111393639975221
"68",6,1,6,-0.00765751239159675
"68",7,1,6,-0.00765751239159675
"68",8,1,6,-0.00765751239159675
"68",9,1,6,-0.00765751239159675
"68",10,1,6,-0.00765751239159675
"68",11,1,9,-0.00452631965125539
"68",13,1,9,-0.00452631965125539
"68",14,1,9,-0.00452631965125539
"68",16,1,9,-0.00452631965125539
"68",17,1,9,-0.00452631965125539
"68",18,1,12,-0.00525637799717281
"68",19,1,12,-0.00525637799717281
"68",20,1,12,-0.00525637799717281
"68",21,1,12,-0.00525637799717281
"68",22,1,15,-0.00617232827266979
"68",23,1,15,-0.00617232827266979
"68",24,1,15,-0.00617232827266979
"68",25,1,18,-0.00507464638292934
"68",26,1,18,-0.00507464638292934
"68",27,1,21,-0.00427331058468291
"68",28,1,21,-0.00427331058468291
"68",29,1,24,-0.00317820597986606
"68",30,1,3,-0.0111393639975221
"68",3,0,9,-0.00452631965125539
"68",5,0,24,-0.00317820597986606
"68",12,0,3,-0.0111393639975221
"68",15,0,24,-0.00317820597986606
"69",1,1,3,-0.000760794754759394
"69",2,1,3,-0.000760794754759394
"69",3,1,3,-0.000760794754759394
"69",4,1,6,-0.00222275314518558
"69",5,1,6,-0.00222275314518558
"69",6,1,6,-0.00222275314518558
"69",7,1,6,-0.00222275314518558
"69",8,1,6,-0.00222275314518558
"69",9,1,9,0.0015784739355422
"69",10,1,9,0.0015784739355422
"69",11,1,9,0.0015784739355422
"69",12,1,9,0.0015784739355422
"69",13,1,9,0.0015784739355422
"69",14,1,12,0.001080659342782
"69",15,1,12,0.001080659342782
"69",16,1,12,0.001080659342782
"69",17,1,12,0.001080659342782
"69",18,1,15,0.00144571104948372
"69",20,1,15,0.00144571104948372
"69",21,1,15,0.00144571104948372
"69",22,1,18,0.00171545035086516
"69",23,1,18,0.00171545035086516
"69",24,1,21,0.00139928525895618
"69",25,1,21,0.00139928525895618
"69",26,1,24,0.000658268843316391
"69",27,1,3,-0.000760794754759394
"69",28,1,3,-0.000760794754759394
"69",29,1,3,-0.000760794754759394
"69",30,1,6,-0.00222275314518558
"69",19,0,9,0.0015784739355422
"70",1,1,3,-0.00417593121362542
"70",2,1,3,-0.00417593121362542
"70",3,1,3,-0.00417593121362542
"70",4,1,6,-0.0028843432379574
"70",5,1,6,-0.0028843432379574
"70",6,1,6,-0.0028843432379574
"70",7,1,6,-0.0028843432379574
"70",8,1,6,-0.0028843432379574
"70",9,1,9,-0.000675626454307067
"70",11,1,9,-0.000675626454307067
"70",12,1,9,-0.000675626454307067
"70",13,1,9,-0.000675626454307067
"70",14,1,9,-0.000675626454307067
"70",15,1,12,-0.00152249886780184
"70",16,1,12,-0.00152249886780184
"70",17,1,12,-0.00152249886780184
"70",18,1,12,-0.00152249886780184
"70",19,1,15,-0.00112559258378438
"70",20,1,15,-0.00112559258378438
"70",21,1,15,-0.00112559258378438
"70",22,1,18,-0.00161230622891635
"70",23,1,18,-0.00161230622891635
"70",24,1,21,-0.00164504419013939
"70",25,1,21,-0.00164504419013939
"70",26,1,24,-0.00154729384725221
"70",27,1,3,-0.00417593121362542
"70",28,1,3,-0.00417593121362542
"70",29,1,3,-0.00417593121362542
"70",30,1,6,-0.0028843432379574
"70",10,0,6,-0.0028843432379574
"71",1,1,3,-0.00595753719557295
"71",2,1,3,-0.00595753719557295
"71",4,1,3,-0.00595753719557295
"71",5,1,6,-0.0076269141521027
"71",6,1,6,-0.0076269141521027
"71",7,1,6,-0.0076269141521027
"71",8,1,6,-0.0076269141521027
"71",9,1,6,-0.0076269141521027
"71",10,1,9,-0.00680130915823362
"71",11,1,9,-0.00680130915823362
"71",12,1,9,-0.00680130915823362
"71",13,1,9,-0.00680130915823362
"71",14,1,9,-0.00680130915823362
"71",16,1,12,-0.00488491104053763
"71",17,1,12,-0.00488491104053763
"71",18,1,12,-0.00488491104053763
"71",19,1,12,-0.00488491104053763
"71",20,1,15,-0.00632082549822474
"71",21,1,15,-0.00632082549822474
"71",22,1,15,-0.00632082549822474
"71",23,1,18,-0.00377651447240598
"71",24,1,18,-0.00377651447240598
"71",25,1,21,-0.00274475172883452
"71",26,1,21,-0.00274475172883452
"71",27,1,24,-0.00221041346850018
"71",28,1,3,-0.00595753719557295
"71",29,1,3,-0.00595753719557295
"71",30,1,3,-0.00595753719557295
"71",3,0,21,-0.00274475172883452
"71",15,0,3,-0.00595753719557295
"72",1,1,3,0.00225456630321124
"72",2,1,3,0.00225456630321124
"72",3,1,6,0.00131540890951953
"72",5,1,6,0.00131540890951953
"72",8,1,6,0.00131540890951953
"72",11,1,6,0.00131540890951953
"72",13,1,9,0.00204539217133203
"72",14,1,9,0.00204539217133203
"72",15,1,9,0.00204539217133203
"72",16,1,9,0.00204539217133203
"72",17,1,12,0.00108706484550743
"72",18,1,12,0.00108706484550743
"72",19,1,12,0.00108706484550743
"72",20,1,15,0.00213250843735556
"72",21,1,15,0.00213250843735556
"72",22,1,18,0.00148756879175589
"72",23,1,18,0.00148756879175589
"72",24,1,21,-0.000174707409774022
"72",26,1,21,-0.000174707409774022
"72",27,1,24,-0.00115186116222422
"72",28,1,3,0.00225456630321124
"72",29,1,3,0.00225456630321124
"72",30,1,6,0.00131540890951953
"72",4,0,21,-0.000174707409774022
"72",6,0,9,0.00204539217133203
"72",7,0,18,0.00148756879175589
"72",9,0,3,0.00225456630321124
"72",10,0,21,-0.000174707409774022
"72",12,0,3,0.00225456630321124
"72",25,0,24,-0.00115186116222422
"73",1,1,3,-0.000367386653993983
"73",2,1,3,-0.000367386653993983
"73",3,1,3,-0.000367386653993983
"73",4,1,6,-0.00165115468979029
"73",5,1,6,-0.00165115468979029
"73",6,1,6,-0.00165115468979029
"73",7,1,6,-0.00165115468979029
"73",8,1,6,-0.00165115468979029
"73",9,1,9,0.00180336563820805
"73",10,1,9,0.00180336563820805
"73",11,1,9,0.00180336563820805
"73",12,1,9,0.00180336563820805
"73",14,1,9,0.00180336563820805
"73",15,1,12,0.00308713606031133
"73",16,1,12,0.00308713606031133
"73",17,1,12,0.00308713606031133
"73",18,1,12,0.00308713606031133
"73",19,1,15,0.00311569394785239
"73",20,1,15,0.00311569394785239
"73",21,1,15,0.00311569394785239
"73",22,1,18,0.0025420894635609
"73",23,1,18,0.0025420894635609
"73",24,1,21,0.00270718552665475
"73",25,1,21,0.00270718552665475
"73",26,1,24,0.00186419143251354
"73",27,1,3,-0.000367386653993983
"73",28,1,3,-0.000367386653993983
"73",29,1,3,-0.000367386653993983
"73",30,1,6,-0.00165115468979029
"73",13,0,24,0.00186419143251354
"74",1,1,3,0.0061496084775347
"74",2,1,3,0.0061496084775347
"74",3,1,3,0.0061496084775347
"74",4,1,6,0.00411074307710161
"74",5,1,6,0.00411074307710161
"74",6,1,6,0.00411074307710161
"74",7,1,6,0.00411074307710161
"74",8,1,6,0.00411074307710161
"74",9,1,9,0.000269162112652224
"74",10,1,9,0.000269162112652224
"74",11,1,9,0.000269162112652224
"74",12,1,9,0.000269162112652224
"74",13,1,9,0.000269162112652224
"74",16,1,12,0.00178381104996911
"74",17,1,12,0.00178381104996911
"74",18,1,12,0.00178381104996911
"74",19,1,12,0.00178381104996911
"74",20,1,15,0.00237966155868412
"74",21,1,15,0.00237966155868412
"74",22,1,15,0.00237966155868412
"74",23,1,18,0.001165694753139
"74",24,1,18,0.001165694753139
"74",25,1,21,-0.000556784404079435
"74",26,1,21,-0.000556784404079435
"74",27,1,24,0.000754691141490026
"74",28,1,3,0.0061496084775347
"74",29,1,3,0.0061496084775347
"74",30,1,3,0.0061496084775347
"74",14,0,21,-0.000556784404079435
"74",15,0,12,0.00178381104996911
"75",1,1,3,0.0105322760112156
"75",2,1,3,0.0105322760112156
"75",3,1,3,0.0105322760112156
"75",4,1,6,0.00460382300412899
"75",5,1,6,0.00460382300412899
"75",6,1,6,0.00460382300412899
"75",7,1,6,0.00460382300412899
"75",8,1,6,0.00460382300412899
"75",9,1,9,0.00110792320777971
"75",10,1,9,0.00110792320777971
"75",11,1,9,0.00110792320777971
"75",12,1,9,0.00110792320777971
"75",13,1,9,0.00110792320777971
"75",15,1,12,-0.00069429363222847
"75",16,1,12,-0.00069429363222847
"75",17,1,12,-0.00069429363222847
"75",18,1,12,-0.00069429363222847
"75",19,1,15,0.000440857612047289
"75",20,1,15,0.000440857612047289
"75",21,1,15,0.000440857612047289
"75",22,1,18,-0.000526631134614047
"75",23,1,18,-0.000526631134614047
"75",24,1,21,-0.000634275649787401
"75",25,1,21,-0.000634275649787401
"75",26,1,24,-0.00175802556420977
"75",27,1,3,0.0105322760112156
"75",28,1,3,0.0105322760112156
"75",29,1,3,0.0105322760112156
"75",30,1,6,0.00460382300412899
"75",14,0,15,0.000440857612047289
"76",2,1,3,-0.0103027789072767
"76",3,1,3,-0.0103027789072767
"76",4,1,3,-0.0103027789072767
"76",6,1,6,-0.0080653706684179
"76",7,1,6,-0.0080653706684179
"76",8,1,6,-0.0080653706684179
"76",9,1,6,-0.0080653706684179
"76",10,1,6,-0.0080653706684179
"76",11,1,9,-0.00456007347700316
"76",12,1,9,-0.00456007347700316
"76",14,1,9,-0.00456007347700316
"76",15,1,9,-0.00456007347700316
"76",16,1,9,-0.00456007347700316
"76",17,1,12,-0.00348918527421903
"76",18,1,12,-0.00348918527421903
"76",19,1,12,-0.00348918527421903
"76",20,1,12,-0.00348918527421903
"76",21,1,15,-0.00154271465176798
"76",22,1,15,-0.00154271465176798
"76",23,1,15,-0.00154271465176798
"76",25,1,18,-0.000984165745607415
"76",26,1,18,-0.000984165745607415
"76",27,1,21,-0.000425374807055842
"76",28,1,21,-0.000425374807055842
"76",29,1,24,-0.00205729150490254
"76",30,1,3,-0.0103027789072767
"76",1,0,9,-0.00456007347700316
"76",5,0,9,-0.00456007347700316
"76",13,0,21,-0.000425374807055842
"76",24,0,9,-0.00456007347700316
"77",1,1,3,-0.00468483662851241
"77",2,1,3,-0.00468483662851241
"77",3,1,3,-0.00468483662851241
"77",4,1,6,0.000551814343736793
"77",5,1,6,0.000551814343736793
"77",6,1,6,0.000551814343736793
"77",7,1,6,0.000551814343736793
"77",8,1,6,0.000551814343736793
"77",9,1,9,-0.00273156331132798
"77",10,1,9,-0.00273156331132798
"77",11,1,9,-0.00273156331132798
"77",12,1,9,-0.00273156331132798
"77",13,1,9,-0.00273156331132798
"77",14,1,12,-0.00266923429631815
"77",15,1,12,-0.00266923429631815
"77",16,1,12,-0.00266923429631815
"77",17,1,12,-0.00266923429631815
"77",18,1,15,-0.00159732071973596
"77",19,1,15,-0.00159732071973596
"77",20,1,15,-0.00159732071973596
"77",21,1,18,-0.000676718262855423
"77",22,1,18,-0.000676718262855423
"77",23,1,21,-0.000363878307148244
"77",24,1,21,-0.000363878307148244
"77",25,1,24,0.000610109043643414
"77",26,1,3,-0.00468483662851241
"77",28,1,3,-0.00468483662851241
"77",29,1,3,-0.00468483662851241
"77",30,1,6,0.000551814343736793
"77",27,0,3,-0.00468483662851241
"78",1,1,3,-0.00905593021047211
"78",2,1,3,-0.00905593021047211
"78",3,1,3,-0.00905593021047211
"78",4,1,6,-0.00932304320591188
"78",5,1,6,-0.00932304320591188
"78",6,1,6,-0.00932304320591188
"78",7,1,6,-0.00932304320591188
"78",8,1,6,-0.00932304320591188
"78",9,1,9,-0.00871255726218344
"78",10,1,9,-0.00871255726218344
"78",11,1,9,-0.00871255726218344
"78",12,1,9,-0.00871255726218344
"78",14,1,9,-0.00871255726218344
"78",15,1,12,-0.00813901393308225
"78",16,1,12,-0.00813901393308225
"78",17,1,12,-0.00813901393308225
"78",18,1,12,-0.00813901393308225
"78",19,1,15,-0.00686827548766467
"78",20,1,15,-0.00686827548766467
"78",21,1,15,-0.00686827548766467
"78",22,1,18,-0.00493643002398642
"78",23,1,18,-0.00493643002398642
"78",24,1,21,-0.00325146032237598
"78",25,1,21,-0.00325146032237598
"78",26,1,24,-0.00316387042540646
"78",27,1,3,-0.00905593021047211
"78",28,1,3,-0.00905593021047211
"78",29,1,3,-0.00905593021047211
"78",30,1,6,-0.00932304320591188
"78",13,0,9,-0.00871255726218344
"79",1,1,3,0.000989017130808782
"79",2,1,3,0.000989017130808782
"79",3,1,3,0.000989017130808782
"79",4,1,6,-0.00164740978726639
"79",6,1,6,-0.00164740978726639
"79",7,1,6,-0.00164740978726639
"79",9,1,6,-0.00164740978726639
"79",10,1,6,-0.00164740978726639
"79",11,1,9,-0.00190949236174434
"79",12,1,9,-0.00190949236174434
"79",13,1,9,-0.00190949236174434
"79",14,1,9,-0.00190949236174434
"79",15,1,9,-0.00190949236174434
"79",16,1,12,-0.00301124481326913
"79",17,1,12,-0.00301124481326913
"79",18,1,12,-0.00301124481326913
"79",19,1,12,-0.00301124481326913
"79",21,1,15,-0.00369621001766997
"79",22,1,15,-0.00369621001766997
"79",23,1,15,-0.00369621001766997
"79",24,1,18,-0.00219621229015528
"79",26,1,18,-0.00219621229015528
"79",27,1,21,-0.0024723332561791
"79",28,1,21,-0.0024723332561791
"79",30,1,24,-0.000855897573502664
"79",5,0,9,-0.00190949236174434
"79",8,0,18,-0.00219621229015528
"79",20,0,6,-0.00164740978726639
"79",25,0,3,0.000989017130808782
"79",29,0,9,-0.00190949236174434
"80",2,1,3,-0.00295448367171638
"80",3,1,3,-0.00295448367171638
"80",4,1,3,-0.00295448367171638
"80",5,1,6,-0.00259648707892626
"80",6,1,6,-0.00259648707892626
"80",7,1,6,-0.00259648707892626
"80",8,1,6,-0.00259648707892626
"80",9,1,6,-0.00259648707892626
"80",10,1,9,-0.00212687598066722
"80",11,1,9,-0.00212687598066722
"80",12,1,9,-0.00212687598066722
"80",13,1,9,-0.00212687598066722
"80",14,1,9,-0.00212687598066722
"80",15,1,12,-0.00129399313332135
"80",16,1,12,-0.00129399313332135
"80",17,1,12,-0.00129399313332135
"80",18,1,12,-0.00129399313332135
"80",19,1,15,-0.00198100023803206
"80",20,1,15,-0.00198100023803206
"80",21,1,15,-0.00198100023803206
"80",22,1,18,-0.00154843007567233
"80",23,1,18,-0.00154843007567233
"80",24,1,21,-0.00127554145594068
"80",25,1,21,-0.00127554145594068
"80",26,1,24,-0.000982153060930884
"80",27,1,3,-0.00295448367171638
"80",28,1,3,-0.00295448367171638
"80",29,1,3,-0.00295448367171638
"80",30,1,6,-0.00259648707892626
"80",1,0,15,-0.00198100023803206
"81",1,1,3,-0.0025389741725047
"81",2,1,3,-0.0025389741725047
"81",3,1,3,-0.0025389741725047
"81",4,1,6,0.00102267720929326
"81",5,1,6,0.00102267720929326
"81",6,1,6,0.00102267720929326
"81",7,1,6,0.00102267720929326
"81",9,1,6,0.00102267720929326
"81",10,1,9,0.000354642102918556
"81",12,1,9,0.000354642102918556
"81",13,1,9,0.000354642102918556
"81",14,1,9,0.000354642102918556
"81",15,1,9,0.000354642102918556
"81",16,1,12,0.000426737421423027
"81",17,1,12,0.000426737421423027
"81",18,1,12,0.000426737421423027
"81",19,1,12,0.000426737421423027
"81",20,1,15,0.00185457940675309
"81",21,1,15,0.00185457940675309
"81",22,1,15,0.00185457940675309
"81",23,1,18,0.000159561021739823
"81",24,1,18,0.000159561021739823
"81",25,1,21,0.000337692635224796
"81",27,1,21,0.000337692635224796
"81",28,1,24,0.000758290971518987
"81",29,1,3,-0.0025389741725047
"81",8,0,21,0.000337692635224796
"81",11,0,21,0.000337692635224796
"81",26,0,6,0.00102267720929326
"81",30,0,18,0.000159561021739823
"82",2,1,3,0.00291614335458242
"82",3,1,3,0.00291614335458242
"82",4,1,3,0.00291614335458242
"82",5,1,6,0.00354594297075495
"82",6,1,6,0.00354594297075495
"82",7,1,6,0.00354594297075495
"82",8,1,6,0.00354594297075495
"82",9,1,6,0.00354594297075495
"82",10,1,9,0.00119029233101962
"82",11,1,9,0.00119029233101962
"82",12,1,9,0.00119029233101962
"82",15,1,9,0.00119029233101962
"82",16,1,9,0.00119029233101962
"82",17,1,12,-0.00111869709479944
"82",18,1,12,-0.00111869709479944
"82",20,1,12,-0.00111869709479944
"82",21,1,12,-0.00111869709479944
"82",22,1,15,7.58020869300599e-05
"82",23,1,15,7.58020869300599e-05
"82",24,1,15,7.58020869300599e-05
"82",25,1,18,0.000506616470522438
"82",26,1,18,0.000506616470522438
"82",27,1,21,0.000555401383181254
"82",28,1,21,0.000555401383181254
"82",29,1,24,0.000913689189931758
"82",30,1,3,0.00291614335458242
"82",1,0,6,0.00354594297075495
"82",13,0,9,0.00119029233101962
"82",14,0,9,0.00119029233101962
"82",19,0,21,0.000555401383181254
"83",1,1,3,-0.00069723047502688
"83",2,1,3,-0.00069723047502688
"83",3,1,3,-0.00069723047502688
"83",4,1,6,-0.00677098940531885
"83",5,1,6,-0.00677098940531885
"83",7,1,6,-0.00677098940531885
"83",8,1,6,-0.00677098940531885
"83",9,1,6,-0.00677098940531885
"83",10,1,9,-0.00207748418898742
"83",11,1,9,-0.00207748418898742
"83",12,1,9,-0.00207748418898742
"83",13,1,9,-0.00207748418898742
"83",14,1,9,-0.00207748418898742
"83",16,1,12,-0.00238481199554277
"83",17,1,12,-0.00238481199554277
"83",18,1,12,-0.00238481199554277
"83",19,1,12,-0.00238481199554277
"83",20,1,15,-0.00227409587686977
"83",21,1,15,-0.00227409587686977
"83",22,1,15,-0.00227409587686977
"83",23,1,18,-0.000935685478162981
"83",24,1,18,-0.000935685478162981
"83",25,1,21,-0.0016931353733186
"83",26,1,21,-0.0016931353733186
"83",27,1,24,-0.00246429662356069
"83",28,1,3,-0.00069723047502688
"83",29,1,3,-0.00069723047502688
"83",30,1,3,-0.00069723047502688
"83",6,0,18,-0.000935685478162981
"83",15,0,18,-0.000935685478162981
"84",1,1,3,-0.00519870227171186
"84",3,1,3,-0.00519870227171186
"84",4,1,3,-0.00519870227171186
"84",5,1,6,-0.00281267412782089
"84",6,1,6,-0.00281267412782089
"84",7,1,6,-0.00281267412782089
"84",8,1,6,-0.00281267412782089
"84",9,1,6,-0.00281267412782089
"84",10,1,9,-0.00205044979562615
"84",11,1,9,-0.00205044979562615
"84",12,1,9,-0.00205044979562615
"84",13,1,9,-0.00205044979562615
"84",14,1,9,-0.00205044979562615
"84",15,1,12,-0.00139354096742133
"84",16,1,12,-0.00139354096742133
"84",17,1,12,-0.00139354096742133
"84",18,1,12,-0.00139354096742133
"84",19,1,15,-0.00189299530433276
"84",20,1,15,-0.00189299530433276
"84",21,1,15,-0.00189299530433276
"84",22,1,18,-0.00314948714127176
"84",24,1,18,-0.00314948714127176
"84",25,1,21,-0.00236343136093015
"84",26,1,21,-0.00236343136093015
"84",27,1,24,-0.00251550241342065
"84",28,1,3,-0.00519870227171186
"84",29,1,3,-0.00519870227171186
"84",30,1,3,-0.00519870227171186
"84",2,0,12,-0.00139354096742133
"84",23,0,9,-0.00205044979562615
"85",1,1,3,0.000477669122505947
"85",2,1,3,0.000477669122505947
"85",3,1,3,0.000477669122505947
"85",4,1,6,0.00437564712595578
"85",5,1,6,0.00437564712595578
"85",6,1,6,0.00437564712595578
"85",7,1,6,0.00437564712595578
"85",8,1,6,0.00437564712595578
"85",9,1,9,0.00304126321819631
"85",10,1,9,0.00304126321819631
"85",11,1,9,0.00304126321819631
"85",12,1,9,0.00304126321819631
"85",14,1,9,0.00304126321819631
"85",15,1,12,0.000946669124025393
"85",16,1,12,0.000946669124025393
"85",17,1,12,0.000946669124025393
"85",18,1,12,0.000946669124025393
"85",19,1,15,0.00128112507423819
"85",20,1,15,0.00128112507423819
"85",21,1,15,0.00128112507423819
"85",22,1,18,0.000288732046591451
"85",23,1,18,0.000288732046591451
"85",24,1,21,-0.00123012633400407
"85",25,1,21,-0.00123012633400407
"85",26,1,24,-0.00128860864525922
"85",27,1,3,0.000477669122505947
"85",28,1,3,0.000477669122505947
"85",30,1,3,0.000477669122505947
"85",13,0,12,0.000946669124025393
"85",29,0,6,0.00437564712595578
"86",1,1,3,0.0072152370720951
"86",2,1,3,0.0072152370720951
"86",3,1,3,0.0072152370720951
"86",4,1,6,-0.000813680204657998
"86",5,1,6,-0.000813680204657998
"86",6,1,6,-0.000813680204657998
"86",7,1,6,-0.000813680204657998
"86",8,1,6,-0.000813680204657998
"86",9,1,9,-0.000954836664914992
"86",10,1,9,-0.000954836664914992
"86",11,1,9,-0.000954836664914992
"86",12,1,9,-0.000954836664914992
"86",13,1,9,-0.000954836664914992
"86",14,1,12,-0.00145664841564222
"86",15,1,12,-0.00145664841564222
"86",16,1,12,-0.00145664841564222
"86",17,1,12,-0.00145664841564222
"86",18,1,15,-0.000179926808085628
"86",19,1,15,-0.000179926808085628
"86",20,1,15,-0.000179926808085628
"86",21,1,18,-0.000303762344130386
"86",22,1,18,-0.000303762344130386
"86",23,1,21,-0.00103410533935856
"86",24,1,21,-0.00103410533935856
"86",25,1,24,-0.0012351078524711
"86",26,1,3,0.0072152370720951
"86",27,1,3,0.0072152370720951
"86",28,1,3,0.0072152370720951
"86",30,1,6,-0.000813680204657998
"86",29,0,18,-0.000303762344130386
"87",1,1,3,-0.000627140168173755
"87",2,1,3,-0.000627140168173755
"87",3,1,3,-0.000627140168173755
"87",4,1,6,-0.00427541448273936
"87",5,1,6,-0.00427541448273936
"87",6,1,6,-0.00427541448273936
"87",7,1,6,-0.00427541448273936
"87",8,1,6,-0.00427541448273936
"87",9,1,9,-0.00712435946353484
"87",10,1,9,-0.00712435946353484
"87",11,1,9,-0.00712435946353484
"87",13,1,9,-0.00712435946353484
"87",14,1,9,-0.00712435946353484
"87",15,1,12,-0.00514135704958495
"87",16,1,12,-0.00514135704958495
"87",17,1,12,-0.00514135704958495
"87",18,1,12,-0.00514135704958495
"87",19,1,15,-0.00511426822527938
"87",20,1,15,-0.00511426822527938
"87",21,1,15,-0.00511426822527938
"87",22,1,18,-0.00402997265495419
"87",23,1,18,-0.00402997265495419
"87",25,1,21,-0.00370681463363225
"87",26,1,21,-0.00370681463363225
"87",27,1,24,-0.0036249225261927
"87",28,1,3,-0.000627140168173755
"87",12,0,9,-0.00712435946353484
"87",24,0,12,-0.00514135704958495
"87",29,0,24,-0.0036249225261927
"87",30,0,24,-0.0036249225261927
"88",1,1,3,-0.010417873261452
"88",2,1,3,-0.010417873261452
"88",3,1,3,-0.010417873261452
"88",4,1,6,-0.0114799159878766
"88",5,1,6,-0.0114799159878766
"88",6,1,6,-0.0114799159878766
"88",7,1,6,-0.0114799159878766
"88",8,1,6,-0.0114799159878766
"88",9,1,9,-0.00981909636234662
"88",10,1,9,-0.00981909636234662
"88",11,1,9,-0.00981909636234662
"88",12,1,9,-0.00981909636234662
"88",13,1,9,-0.00981909636234662
"88",14,1,12,-0.00593548045109269
"88",15,1,12,-0.00593548045109269
"88",16,1,12,-0.00593548045109269
"88",17,1,12,-0.00593548045109269
"88",19,1,15,-0.00502079366860902
"88",20,1,15,-0.00502079366860902
"88",21,1,15,-0.00502079366860902
"88",22,1,18,-0.00540686331907639
"88",23,1,18,-0.00540686331907639
"88",24,1,21,-0.00551802104720617
"88",25,1,21,-0.00551802104720617
"88",26,1,24,-0.00462491535934206
"88",27,1,3,-0.010417873261452
"88",28,1,3,-0.010417873261452
"88",18,0,21,-0.00551802104720617
"88",29,0,18,-0.00540686331907639
"88",30,0,9,-0.00981909636234662
"89",1,1,3,0.0016456434307545
"89",2,1,3,0.0016456434307545
"89",3,1,3,0.0016456434307545
"89",4,1,6,0.00477164481211217
"89",5,1,6,0.00477164481211217
"89",6,1,6,0.00477164481211217
"89",7,1,6,0.00477164481211217
"89",8,1,6,0.00477164481211217
"89",9,1,9,0.00514224497431891
"89",11,1,9,0.00514224497431891
"89",12,1,9,0.00514224497431891
"89",13,1,9,0.00514224497431891
"89",14,1,9,0.00514224497431891
"89",15,1,12,0.0023877932458456
"89",16,1,12,0.0023877932458456
"89",17,1,12,0.0023877932458456
"89",18,1,12,0.0023877932458456
"89",19,1,15,0.00174091350753707
"89",20,1,15,0.00174091350753707
"89",21,1,15,0.00174091350753707
"89",22,1,18,0.000751934201558205
"89",23,1,18,0.000751934201558205
"89",24,1,21,0.000607612750218847
"89",25,1,21,0.000607612750218847
"89",26,1,24,-0.000115597974544837
"89",28,1,3,0.0016456434307545
"89",29,1,3,0.0016456434307545
"89",30,1,3,0.0016456434307545
"89",10,0,15,0.00174091350753707
"89",27,0,24,-0.000115597974544837
"90",1,1,3,-0.000535028353930845
"90",3,1,3,-0.000535028353930845
"90",4,1,3,-0.000535028353930845
"90",5,1,6,0.00132400177489819
"90",6,1,6,0.00132400177489819
"90",7,1,6,0.00132400177489819
"90",8,1,6,0.00132400177489819
"90",9,1,6,0.00132400177489819
"90",10,1,9,-0.00112110628056405
"90",11,1,9,-0.00112110628056405
"90",12,1,9,-0.00112110628056405
"90",13,1,9,-0.00112110628056405
"90",14,1,9,-0.00112110628056405
"90",15,1,12,-0.00194467745493133
"90",16,1,12,-0.00194467745493133
"90",18,1,12,-0.00194467745493133
"90",19,1,12,-0.00194467745493133
"90",20,1,15,-0.00109114981737299
"90",21,1,15,-0.00109114981737299
"90",22,1,15,-0.00109114981737299
"90",24,1,18,-0.00207668409735707
"90",25,1,18,-0.00207668409735707
"90",26,1,21,-0.00272139986371206
"90",27,1,21,-0.00272139986371206
"90",28,1,24,-0.00248011736875611
"90",29,1,3,-0.000535028353930845
"90",30,1,3,-0.000535028353930845
"90",2,0,12,-0.00194467745493133
"90",17,0,21,-0.00272139986371206
"90",23,0,9,-0.00112110628056405
"91",1,1,3,-0.00375238562426957
"91",2,1,3,-0.00375238562426957
"91",3,1,3,-0.00375238562426957
"91",4,1,6,-0.00815367284493611
"91",5,1,6,-0.00815367284493611
"91",6,1,6,-0.00815367284493611
"91",7,1,6,-0.00815367284493611
"91",8,1,6,-0.00815367284493611
"91",9,1,6,-0.00815367284493611
"91",10,1,9,-0.00540294130294468
"91",11,1,9,-0.00540294130294468
"91",12,1,9,-0.00540294130294468
"91",13,1,9,-0.00540294130294468
"91",14,1,9,-0.00540294130294468
"91",15,1,9,-0.00540294130294468
"91",16,1,12,-0.00491753562987392
"91",17,1,12,-0.00491753562987392
"91",18,1,12,-0.00491753562987392
"91",19,1,12,-0.00491753562987392
"91",20,1,12,-0.00491753562987392
"91",21,1,15,-0.00593099980284757
"91",22,1,15,-0.00593099980284757
"91",23,1,15,-0.00593099980284757
"91",24,1,18,-0.00285020683889438
"91",25,1,18,-0.00285020683889438
"91",26,1,18,-0.00285020683889438
"91",27,1,21,-0.00311124025127177
"91",28,1,21,-0.00311124025127177
"91",29,1,21,-0.00311124025127177
"91",30,1,24,-0.00217153042983207
"92",1,1,3,-0.00404046643248549
"92",2,1,3,-0.00404046643248549
"92",4,1,3,-0.00404046643248549
"92",5,1,6,-0.00287007918555377
"92",6,1,6,-0.00287007918555377
"92",8,1,6,-0.00287007918555377
"92",9,1,6,-0.00287007918555377
"92",10,1,6,-0.00287007918555377
"92",11,1,9,-0.0028445093786745
"92",12,1,9,-0.0028445093786745
"92",13,1,9,-0.0028445093786745
"92",14,1,9,-0.0028445093786745
"92",15,1,9,-0.0028445093786745
"92",16,1,12,-0.00218671739239428
"92",17,1,12,-0.00218671739239428
"92",18,1,12,-0.00218671739239428
"92",19,1,12,-0.00218671739239428
"92",20,1,15,-0.000811877264164326
"92",21,1,15,-0.000811877264164326
"92",22,1,15,-0.000811877264164326
"92",23,1,18,-0.000258959229275119
"92",24,1,18,-0.000258959229275119
"92",25,1,21,-0.000203129764184407
"92",26,1,21,-0.000203129764184407
"92",27,1,24,-0.00164888063189087
"92",28,1,3,-0.00404046643248549
"92",29,1,3,-0.00404046643248549
"92",30,1,3,-0.00404046643248549
"92",3,0,24,-0.00164888063189087
"92",7,0,24,-0.00164888063189087
"93",1,1,3,0.00127835037516287
"93",2,1,3,0.00127835037516287
"93",3,1,3,0.00127835037516287
"93",4,1,6,0.00593534319883623
"93",6,1,6,0.00593534319883623
"93",7,1,6,0.00593534319883623
"93",8,1,6,0.00593534319883623
"93",9,1,6,0.00593534319883623
"93",10,1,9,0.00175474437478885
"93",12,1,9,0.00175474437478885
"93",13,1,9,0.00175474437478885
"93",14,1,9,0.00175474437478885
"93",15,1,9,0.00175474437478885
"93",16,1,12,0.00100725769326351
"93",17,1,12,0.00100725769326351
"93",18,1,12,0.00100725769326351
"93",19,1,12,0.00100725769326351
"93",20,1,15,0.00164404239995906
"93",21,1,15,0.00164404239995906
"93",22,1,15,0.00164404239995906
"93",23,1,18,0.000819707466026374
"93",24,1,18,0.000819707466026374
"93",25,1,21,0.000238507691527763
"93",26,1,21,0.000238507691527763
"93",27,1,24,-0.000526242138580279
"93",28,1,3,0.00127835037516287
"93",29,1,3,0.00127835037516287
"93",30,1,3,0.00127835037516287
"93",5,0,18,0.000819707466026374
"93",11,0,9,0.00175474437478885
"94",1,1,3,0.00648760685109468
"94",2,1,3,0.00648760685109468
"94",3,1,3,0.00648760685109468
"94",5,1,6,-0.00123847132040544
"94",6,1,6,-0.00123847132040544
"94",7,1,6,-0.00123847132040544
"94",8,1,6,-0.00123847132040544
"94",9,1,6,-0.00123847132040544
"94",10,1,9,-0.000114212298328397
"94",11,1,9,-0.000114212298328397
"94",12,1,9,-0.000114212298328397
"94",13,1,9,-0.000114212298328397
"94",14,1,9,-0.000114212298328397
"94",15,1,12,-0.000973946254615412
"94",16,1,12,-0.000973946254615412
"94",17,1,12,-0.000973946254615412
"94",18,1,12,-0.000973946254615412
"94",20,1,15,-0.00158451997537097
"94",21,1,15,-0.00158451997537097
"94",22,1,15,-0.00158451997537097
"94",23,1,18,-0.00262222312792327
"94",24,1,18,-0.00262222312792327
"94",25,1,21,-0.00270815343955824
"94",26,1,21,-0.00270815343955824
"94",27,1,24,-0.00222820012218198
"94",28,1,3,0.00648760685109468
"94",29,1,3,0.00648760685109468
"94",30,1,3,0.00648760685109468
"94",4,0,12,-0.000973946254615412
"94",19,0,18,-0.00262222312792327
"95",1,1,3,0.00122847459525406
"95",2,1,3,0.00122847459525406
"95",3,1,3,0.00122847459525406
"95",4,1,6,-0.00259268897252778
"95",5,1,6,-0.00259268897252778
"95",6,1,6,-0.00259268897252778
"95",7,1,6,-0.00259268897252778
"95",8,1,6,-0.00259268897252778
"95",9,1,9,-0.000913069975753039
"95",10,1,9,-0.000913069975753039
"95",11,1,9,-0.000913069975753039
"95",12,1,9,-0.000913069975753039
"95",13,1,9,-0.000913069975753039
"95",15,1,12,-0.000949053433830053
"95",16,1,12,-0.000949053433830053
"95",17,1,12,-0.000949053433830053
"95",18,1,12,-0.000949053433830053
"95",19,1,15,-0.000494482692008975
"95",20,1,15,-0.000494482692008975
"95",21,1,15,-0.000494482692008975
"95",22,1,18,0.00158931342422454
"95",23,1,18,0.00158931342422454
"95",25,1,21,0.00193042713609288
"95",26,1,21,0.00193042713609288
"95",27,1,24,0.00271594403857368
"95",28,1,3,0.00122847459525406
"95",29,1,3,0.00122847459525406
"95",30,1,3,0.00122847459525406
"95",14,0,6,-0.00259268897252778
"95",24,0,18,0.00158931342422454
"96",2,1,3,-0.00339435942167786
"96",3,1,3,-0.00339435942167786
"96",4,1,3,-0.00339435942167786
"96",5,1,6,-0.00280285150745636
"96",6,1,6,-0.00280285150745636
"96",7,1,6,-0.00280285150745636
"96",8,1,6,-0.00280285150745636
"96",9,1,6,-0.00280285150745636
"96",10,1,9,-0.00252142372971954
"96",11,1,9,-0.00252142372971954
"96",13,1,9,-0.00252142372971954
"96",14,1,9,-0.00252142372971954
"96",15,1,9,-0.00252142372971954
"96",16,1,12,-0.00409278212755945
"96",17,1,12,-0.00409278212755945
"96",18,1,12,-0.00409278212755945
"96",19,1,12,-0.00409278212755945
"96",20,1,15,-0.00454547684229183
"96",21,1,15,-0.00454547684229183
"96",23,1,15,-0.00454547684229183
"96",24,1,18,-0.00212057844097758
"96",25,1,18,-0.00212057844097758
"96",26,1,21,-0.00280007607604681
"96",28,1,21,-0.00280007607604681
"96",29,1,24,-0.00177437986620399
"96",1,0,21,-0.00280007607604681
"96",12,0,21,-0.00280007607604681
"96",22,0,24,-0.00177437986620399
"96",27,0,6,-0.00280285150745636
"96",30,0,21,-0.00280007607604681
"97",1,1,3,0.00364436765597405
"97",2,1,3,0.00364436765597405
"97",3,1,3,0.00364436765597405
"97",4,1,6,-0.00248214257014899
"97",5,1,6,-0.00248214257014899
"97",6,1,6,-0.00248214257014899
"97",7,1,6,-0.00248214257014899
"97",8,1,6,-0.00248214257014899
"97",9,1,9,-0.00545867305664281
"97",10,1,9,-0.00545867305664281
"97",11,1,9,-0.00545867305664281
"97",13,1,9,-0.00545867305664281
"97",14,1,9,-0.00545867305664281
"97",15,1,12,-0.00556645019210683
"97",16,1,12,-0.00556645019210683
"97",17,1,12,-0.00556645019210683
"97",18,1,12,-0.00556645019210683
"97",19,1,15,-0.00486925833384046
"97",20,1,15,-0.00486925833384046
"97",21,1,15,-0.00486925833384046
"97",22,1,18,-0.0029422125576362
"97",23,1,18,-0.0029422125576362
"97",24,1,21,-0.00212723409893589
"97",25,1,21,-0.00212723409893589
"97",26,1,24,-0.00265988786722596
"97",27,1,3,0.00364436765597405
"97",28,1,3,0.00364436765597405
"97",29,1,3,0.00364436765597405
"97",30,1,6,-0.00248214257014899
"97",12,0,9,-0.00545867305664281
"98",1,1,3,-0.00341626695735315
"98",2,1,3,-0.00341626695735315
"98",5,1,3,-0.00341626695735315
"98",6,1,6,-0.00390520456920014
"98",7,1,6,-0.00390520456920014
"98",8,1,6,-0.00390520456920014
"98",10,1,6,-0.00390520456920014
"98",12,1,6,-0.00390520456920014
"98",13,1,9,-0.00335797656868194
"98",14,1,9,-0.00335797656868194
"98",15,1,9,-0.00335797656868194
"98",16,1,9,-0.00335797656868194
"98",17,1,9,-0.00335797656868194
"98",18,1,12,-0.00210479922934764
"98",19,1,12,-0.00210479922934764
"98",20,1,12,-0.00210479922934764
"98",21,1,12,-0.00210479922934764
"98",22,1,15,-0.000860404452591587
"98",23,1,15,-0.000860404452591587
"98",24,1,15,-0.000860404452591587
"98",25,1,18,-0.000390416836374545
"98",26,1,18,-0.000390416836374545
"98",27,1,21,-0.00179469348153019
"98",28,1,21,-0.00179469348153019
"98",29,1,24,-0.00146683766742008
"98",30,1,3,-0.00341626695735315
"98",3,0,24,-0.00146683766742008
"98",4,0,6,-0.00390520456920014
"98",9,0,12,-0.00210479922934764
"98",11,0,9,-0.00335797656868194
"99",1,1,3,-0.0122951155450423
"99",2,1,3,-0.0122951155450423
"99",3,1,3,-0.0122951155450423
"99",4,1,6,-0.00562603682283907
"99",5,1,6,-0.00562603682283907
"99",6,1,6,-0.00562603682283907
"99",7,1,6,-0.00562603682283907
"99",8,1,6,-0.00562603682283907
"99",9,1,6,-0.00562603682283907
"99",10,1,9,-0.00591204885908073
"99",11,1,9,-0.00591204885908073
"99",12,1,9,-0.00591204885908073
"99",13,1,9,-0.00591204885908073
"99",14,1,9,-0.00591204885908073
"99",15,1,9,-0.00591204885908073
"99",16,1,12,-0.00455553075396662
"99",17,1,12,-0.00455553075396662
"99",18,1,12,-0.00455553075396662
"99",19,1,12,-0.00455553075396662
"99",20,1,12,-0.00455553075396662
"99",21,1,15,-0.00232231136561157
"99",22,1,15,-0.00232231136561157
"99",23,1,15,-0.00232231136561157
"99",24,1,18,-0.00172088534790762
"99",25,1,18,-0.00172088534790762
"99",26,1,18,-0.00172088534790762
"99",27,1,21,-0.00172362098756586
"99",28,1,21,-0.00172362098756586
"99",29,1,21,-0.00172362098756586
"99",30,1,24,0.000179344132553407
"100",1,1,3,0.00138135040976639
"100",2,1,3,0.00138135040976639
"100",3,1,3,0.00138135040976639
"100",4,1,6,-0.00104319526655779
"100",5,1,6,-0.00104319526655779
"100",6,1,6,-0.00104319526655779
"100",7,1,6,-0.00104319526655779
"100",9,1,6,-0.00104319526655779
"100",10,1,9,-0.00384572228706919
"100",11,1,9,-0.00384572228706919
"100",12,1,9,-0.00384572228706919
"100",13,1,9,-0.00384572228706919
"100",14,1,9,-0.00384572228706919
"100",15,1,12,-0.0022896241627094
"100",16,1,12,-0.0022896241627094
"100",17,1,12,-0.0022896241627094
"100",18,1,12,-0.0022896241627094
"100",19,1,15,-0.00299696740516245
"100",20,1,15,-0.00299696740516245
"100",21,1,15,-0.00299696740516245
"100",22,1,18,-0.0028871746813447
"100",23,1,18,-0.0028871746813447
"100",25,1,21,-0.00244078545262562
"100",26,1,21,-0.00244078545262562
"100",28,1,24,-0.00246412763845443
"100",29,1,3,0.00138135040976639
"100",30,1,3,0.00138135040976639
"100",8,0,21,-0.00244078545262562
"100",24,0,6,-0.00104319526655779
"100",27,0,3,0.00138135040976639
